id,quid,question,true_answer,llm_answer,correct,llm_answer_chosen,reward_method,reward_score
1,,"Take the last letters of each words in ""Camilo Becky Eliza Rebecca"" and concatenate them.",oyaa,oyakca,False,,,
2,,"Take the last letters of each words in ""Sandeep Graciela Jai Xiomara"" and concatenate them.",paia,pealaiara,False,,,
3,,"Take the last letters of each words in ""Norma Timothy Willie Mathew"" and concatenate them.",ayew,amyeh,False,,,
4,,"Take the last letters of each words in ""Lorena Shana Priscilla Summer"" and concatenate them.",aaar,anarm,False,,,
5,,"Take the last letters of each words in ""Yazmin Lea Rodrigo Sammy"" and concatenate them.",naoy,n a o y,True,,,
6,,"Take the last letters of each words in ""Britt Tamara Elvis Nayeli"" and concatenate them.",tasi,arasi,False,,,
7,,"Take the last letters of each words in ""Paula Irina Laurel Maribel"" and concatenate them.",aall,lnael,False,,,
8,,"Take the last letters of each words in ""Louise Mariano Laura Gerardo"" and concatenate them.",eoao,oeoao,False,,,
9,,"Take the last letters of each words in ""Ramona Lucy Gail Octavio"" and concatenate them.",aylo,aayio,False,,,
10,,"Take the last letters of each words in ""Star Jude Rosemarie Raquel"" and concatenate them.",reel,eeieel,False,,,
11,,"Take the last letters of each words in ""Amy Ella Amilcar Roman"" and concatenate them.",yarn,ararn,False,,,
12,,"Take the last letters of each words in ""Evan Ray Sofia Alonso"" and concatenate them.",nyao,n y a o,True,,,
13,,"Take the last letters of each words in ""Janette Stacey Ronny Kim"" and concatenate them.",eyym,eeeym,False,,,
14,,"Take the last letters of each words in ""Alina Alessandra Amina Bianca"" and concatenate them.",aaaa,a a a a,True,,,
15,,"Take the last letters of each words in ""Leigh Mindy Rocky Lex"" and concatenate them.",hyyx,hdykyx,False,,,
16,,"Take the last letters of each words in ""Drew Jhon Jayden Cliff"" and concatenate them.",wnnf,w n n f,True,,,
17,,"Take the last letters of each words in ""Meagan Naomi Israel Marie"" and concatenate them.",nile,n i l e,True,,,
18,,"Take the last letters of each words in ""Tiara Araceli Michaela Genaro"" and concatenate them.",aiao,aroaelao,False,,,
19,,"Take the last letters of each words in ""Sonya Eddy Carol Yung"" and concatenate them.",aylg,yddyug,False,,,
20,,"Take the last letters of each words in ""Marcy Gonzalez Alice Arlene"" and concatenate them.",yzee,cyzeee,False,,,
21,,"Take the last letters of each words in ""Alonzo Dorothy Alfred Rodriguez"" and concatenate them.",oydz,oyodgz,False,,,
22,,"Take the last letters of each words in ""Dorian Mayra Freddie Magaly"" and concatenate them.",naey,ayraey,False,,,
23,,"Take the last letters of each words in ""Tori Mariam Gaby Brayan"" and concatenate them.",imyn,n a m y n,False,,,
24,,"Take the last letters of each words in ""Maritza Nana Loretta Eric"" and concatenate them.",aaac,azaaic,False,,,
25,,"Take the last letters of each words in ""Mercedes Adela Susana Rose"" and concatenate them.",saae,esaaee,False,,,
26,,"Take the last letters of each words in ""Claudia Cole Matthew Juan Pablo"" and concatenate them.",aewo,a a e n o,False,,,
27,,"Take the last letters of each words in ""Kali Jeanette Tess Devin"" and concatenate them.",iesn,eteein,False,,,
28,,"Take the last letters of each words in ""Jacky Socorro Mark Wanda"" and concatenate them.",yoka,yorrkna,False,,,
29,,"Take the last letters of each words in ""Rosie Charlie Mick Jacquelyn"" and concatenate them.",eekn,e e k n,True,,,
30,,"Take the last letters of each words in ""Andrés Miles Ronaldo Melinda"" and concatenate them.",ssoa,sseodna,False,,,
31,,"Take the last letters of each words in ""Selina Tasha Jarrod Maddy"" and concatenate them.",aady,anoddy,False,,,
32,,"Take the last letters of each words in ""Noelia Cassidy Ashok Francisco"" and concatenate them.",ayko,y   y   k   o   o,False,,,
33,,"Take the last letters of each words in ""Anastasia Thelma Sheri Rosita"" and concatenate them.",aaia,aiamati,False,,,
34,,"Take the last letters of each words in ""Billie Paloma Tanner Raul"" and concatenate them.",earl,eaoerul,False,,,
35,,"Take the last letters of each words in ""Erwin Chad Margarito Shanna"" and concatenate them.",ndoa,n d o o a,False,,,
36,,"Take the last letters of each words in ""Paris Jimmie Andrew Ramón"" and concatenate them.",sewn,s e e o n,False,,,
37,,"Take the last letters of each words in ""Buddy Violet Johana Tina"" and concatenate them.",ytaa,yteana,False,,,
38,,"Take the last letters of each words in ""Lora Alberto Cathy Kara"" and concatenate them.",aoya,oraatoha,False,,,
39,,"Take the last letters of each words in ""Luz Terence Elder Jazmin"" and concatenate them.",zern,nceeez,False,,,
40,,"Take the last letters of each words in ""Marlen Sonja Anita Dale"" and concatenate them.",naae,n a a e,True,,,
41,,"Take the last letters of each words in ""Ericka Aly Darius Reed"" and concatenate them.",aysd,akusd,False,,,
42,,"Take the last letters of each words in ""Martha Elijah Dominic Tonya"" and concatenate them.",ahca,ahicay,False,,,
43,,"Take the last letters of each words in ""Yamileth Dane Aron Dee"" and concatenate them.",hene,h e h n e,False,,,
44,,"Take the last letters of each words in ""Kristen Herbert Benny El"" and concatenate them.",ntyl,tneryEl,False,,,
45,,"Take the last letters of each words in ""Liliana Quincy Bart Makayla"" and concatenate them.",ayta,anqyyl,False,,,
46,,"Take the last letters of each words in ""María Fredy Bridgette Kenya"" and concatenate them.",ayea,aydyateya,False,,,
47,,"Take the last letters of each words in ""Alexander Marina Valentina Mila"" and concatenate them.",raaa,adrinaatinaa,False,,,
48,,"Take the last letters of each words in ""Maxwell Jose Beto Joe"" and concatenate them.",leoe,l e o e o,False,,,
49,,"Take the last letters of each words in ""Carmelo Tony Susan Sara"" and concatenate them.",oyna,oloyanra,False,,,
50,,"Take the last letters of each words in ""Angeles Richard Luciana Darlene"" and concatenate them.",sdae,sdaen,False,,,
51,,"Take the last letters of each words in ""Phillip Ajay Janie Augusto"" and concatenate them.",pyeo,p y e e o,False,,,
52,,"Take the last letters of each words in ""Andy Cecilia Gretchen Sandi"" and concatenate them.",yani,yaii,False,,,
53,,"Take the last letters of each words in ""Pedro Leopoldo Tee Mar"" and concatenate them.",ooer,ormar,False,,,
54,,"Take the last letters of each words in ""Pauline Kerry Jeannette Hope"" and concatenate them.",eyee,e y e t e e p,False,,,
55,,"Take the last letters of each words in ""Daniella Dianne Ram Mirian"" and concatenate them.",aemn,a a e n n,False,,,
56,,"Take the last letters of each words in ""Natalie Gilbert Brian Sanchez"" and concatenate them.",etnz,tebetnchez,False,,,
57,,"Take the last letters of each words in ""Jorge Luis Mo Alexia Jerry"" and concatenate them.",soay,eguiy,False,,,
58,,"Take the last letters of each words in ""Donnie Alli Terry Krystal"" and concatenate them.",eiyl,e i y y l,False,,,
59,,"Take the last letters of each words in ""Guillermo Gerry Lizbeth Charly"" and concatenate them.",oyhy,omoyhly,False,,,
60,,"Take the last letters of each words in ""Issa Kendra Ignacio Henry"" and concatenate them.",aaoy,a a o o y,False,,,
61,,"Take the last letters of each words in ""Bob Aman Richie Sana"" and concatenate them.",bnea,bnheaa,False,,,
62,,"Take the last letters of each words in ""Hazel Gabrielle Tre Dalton"" and concatenate them.",leen,l e l n,False,,,
63,,"Take the last letters of each words in ""Carissa Paige Consuelo Izzy"" and concatenate them.",aeoy,aeoezy,False,,,
64,,"Take the last letters of each words in ""Jon Heath Reynaldo Catherine"" and concatenate them.",nhoe,dhoeyne,False,,,
65,,"Take the last letters of each words in ""Evelyn Mason Shelby Aldo"" and concatenate them.",nnyo,nyonbydo,False,,,
66,,"Take the last letters of each words in ""Alexandria Meghan Autumn Robert"" and concatenate them.",annt,aiannbt,False,,,
67,,"Take the last letters of each words in ""Angela Krista Cora Denisse"" and concatenate them.",aaae,a a a a e,False,,,
68,,"Take the last letters of each words in ""Juliet Ricardo Tita Dianna"" and concatenate them.",toaa,t o a a a,False,,,
69,,"Take the last letters of each words in ""Arthur Shan Norman Manny"" and concatenate them.",rnny,n n n y,False,,,
70,,"Take the last letters of each words in ""Dustin Luiz Rolando Connor"" and concatenate them.",nzor,nzior,False,,,
71,,"Take the last letters of each words in ""Madeline Mckenzie Louie Dylan"" and concatenate them.",eeen,e e e e n,False,,,
72,,"Take the last letters of each words in ""Jeremy Simone Alondra Wyatt"" and concatenate them.",yeat,y e e a t,False,,,
73,,"Take the last letters of each words in ""Melody Ramiro Humberto Jacob"" and concatenate them.",yoob,oyrotoob,False,,,
74,,"Take the last letters of each words in ""Ruben Bernardo Ariel Shelley"" and concatenate them.",noly,o n o e y,False,,,
75,,"Take the last letters of each words in ""Russell Mitchell Bee Faith"" and concatenate them.",lleh,lletheh,False,,,
76,,"Take the last letters of each words in ""Salma Pj Gladis Monica"" and concatenate them.",ajsa,amaisc,False,,,
77,,"Take the last letters of each words in ""Miranda Jacques Clarence Chandra"" and concatenate them.",asea,adseaa,False,,,
78,,"Take the last letters of each words in ""Janice Shelly Arnulfo Nestor"" and concatenate them.",eyor,ecylon,False,,,
79,,"Take the last letters of each words in ""Johan Damien Serena Grace"" and concatenate them.",nnae,n n a e e,False,,,
80,,"Take the last letters of each words in ""Arnold Aidan Ally Ami"" and concatenate them.",dnyi,d n d y i,False,,,
81,,"Take the last letters of each words in ""Rohan Antoinette Nikki Aida"" and concatenate them.",neia,netteiAida,False,,,
82,,"Take the last letters of each words in ""Scotty Edgar Hanna Austin"" and concatenate them.",yran,y a a n t,False,,,
83,,"Take the last letters of each words in ""Katia Mina Cam Ronda"" and concatenate them.",aama,a a m a,True,,,
84,,"Take the last letters of each words in ""Kennedy Ginny Iliana Sky"" and concatenate them.",yyay,ydnyay,False,,,
85,,"Take the last letters of each words in ""Sophie Gregorio Avery Pooja"" and concatenate them.",eoya,oyioa,False,,,
86,,"Take the last letters of each words in ""Dave Ernesto Liam Marsha"" and concatenate them.",eoma,eotah,False,,,
87,,"Take the last letters of each words in ""Kristine Van Marisol Preston"" and concatenate them.",enln,n a l n,False,,,
88,,"Take the last letters of each words in ""Alexa Pilar Rod Nicola"" and concatenate them.",arda,aral,False,,,
89,,"Take the last letters of each words in ""Todd Joni Gil Fran"" and concatenate them.",diln,dniln,False,,,
90,,"Take the last letters of each words in ""Yan Eunice Joseph Hugh"" and concatenate them.",nehh,cehugh,False,,,
91,,"Take the last letters of each words in ""Elizabeth Mitch Brooke Jordyn"" and concatenate them.",hhen,htokeen,False,,,
92,,"Take the last letters of each words in ""Bailey Lourdes Brianna Martín"" and concatenate them.",ysan,yseaan,False,,,
93,,"Take the last letters of each words in ""Wally Claire Helen Nacho"" and concatenate them.",yeno,eyreno,False,,,
94,,"Take the last letters of each words in ""Cat Alisha Ramon Norberto"" and concatenate them.",tano,tahot,False,,,
95,,"Take the last letters of each words in ""Miguel Angel Saul Brady Darryl"" and concatenate them.",llyl,ledy,False,,,
96,,"Take the last letters of each words in ""Debi Raymond Luis Federico"" and concatenate them.",idso,dronc,False,,,
97,,"Take the last letters of each words in ""Denny Carlo Reinaldo Jessi"" and concatenate them.",yooi,oyoodi,False,,,
98,,"Take the last letters of each words in ""Yvonne Rafaela Jb Salomon"" and concatenate them.",eabn,enaon,False,,,
99,,"Take the last letters of each words in ""Agnes Adrienne Haley Riley"" and concatenate them.",seyy,sneey,False,,,
100,,"Take the last letters of each words in ""Oscar George Sanjay Haydee"" and concatenate them.",reye,eyeyee,False,,,
