id,quid,question,true_answer,llm_answer,correct,llm_answer_chosen,reward_method,reward_score,task_prompt_all,task_prompts_majority
1,,"Take the last letters of each words in ""Camilo Becky Eliza Rebecca"" and concatenate them.",oyaa,"COT: To solve this problem, we need to take the last letter of each word in the phrase ""Camilo Becky Eliza Rebecca"" and then concatenate them together.

1. The last letter of ""Camilo"" is ""o"".
2. The last letter of ""Becky"" is ""y"".
3. The last letter of ""Eliza"" is ""a"".
4. The last letter of ""Rebecca"" is ""a"".

Now, we concatenate these letters together: ""o"", ""y"", ""a"", ""a"".

Therefore, the final result is ""oyaa"".
ANSWER_AS_TEXT: oyaa",True,,MAJOR_ANSWER,,,
2,,"Take the last letters of each words in ""Sandeep Graciela Jai Xiomara"" and concatenate them.",paia,"COT: To solve this problem, we need to take the last letter of each word in the phrase ""Sandeep Graciela Jai Xiomara"" and then concatenate them together.

1. The last letter of ""Sandeep"" is ""p"".
2. The last letter of ""Graciela"" is ""a"".
3. The last letter of ""Jai"" is ""i"".
4. The last letter of ""Xiomara"" is ""a"".

Now, we concatenate these letters together: ""p"" + ""a"" + ""i"" + ""a"" = ""paia"".

Therefore, the concatenated result is ""paia"".
ANSWER_AS_TEXT: paia",True,,MAJOR_ANSWER,,,
3,,"Take the last letters of each words in ""Norma Timothy Willie Mathew"" and concatenate them.",ayew,"COT: To solve the problem, we need to take the last letter of each word in the phrase ""Norma Timothy Willie Mathew"" and concatenate them together.

1. The last letter of ""Norma"" is ""a"".
2. The last letter of ""Timothy"" is ""y"".
3. The last letter of ""Willie"" is ""e"".
4. The last letter of ""Mathew"" is ""w"".

Now, concatenate these letters together: ""a"" + ""y"" + ""e"" + ""w"" = ""ayew"".

Therefore, the concatenated result is ""ayew"".
ANSWER_AS_TEXT: ayew",True,,MAJOR_ANSWER,,,
4,,"Take the last letters of each words in ""Lorena Shana Priscilla Summer"" and concatenate them.",aaar,"COT: To solve this problem, we need to take the last letter of each word in the phrase ""Lorena Shana Priscilla Summer"" and then concatenate them together.

1. The last letter of ""Lorena"" is ""a"".
2. The last letter of ""Shana"" is ""a"".
3. The last letter of ""Priscilla"" is ""a"".
4. The last letter of ""Summer"" is ""r"".

Now, we concatenate these letters together: ""aaar"".

Therefore, the final result is ""aaar"".
ANSWER_AS_TEXT: ""aaar"".",False,,MAJOR_ANSWER,,,
5,,"Take the last letters of each words in ""Yazmin Lea Rodrigo Sammy"" and concatenate them.",naoy,"COT: To solve this problem, we need to take the last letter of each word in the phrase ""Yazmin Lea Rodrigo Sammy"" and then concatenate them together.

1. The last letter of ""Yazmin"" is ""n"".
2. The last letter of ""Lea"" is ""a"".
3. The last letter of ""Rodrigo"" is ""o"".
4. The last letter of ""Sammy"" is ""y"".

Now, we concatenate these letters together: ""n"" + ""a"" + ""o"" + ""y"" = ""naoy"".

Therefore, the final result is ""naoy"".
ANSWER_AS_TEXT: naoy",True,,MAJOR_ANSWER,,,
6,,"Take the last letters of each words in ""Britt Tamara Elvis Nayeli"" and concatenate them.",tasi,"COT: To solve this problem, we need to take the last letter of each word in the phrase ""Britt Tamara Elvis Nayeli"" and then concatenate them together.

1. The last letter of ""Britt"" is ""t"".
2. The last letter of ""Tamara"" is ""a"".
3. The last letter of ""Elvis"" is ""s"".
4. The last letter of ""Nayeli"" is ""i"".

Now, we concatenate these letters together: ""tasi"".

Therefore, the final result is ""tasi"".
ANSWER_AS_TEXT: tasi",True,,MAJOR_ANSWER,,,
7,,"Take the last letters of each words in ""Paula Irina Laurel Maribel"" and concatenate them.",aall,"COT: To solve this problem, we need to take the last letter of each word in the phrase ""Paula Irina Laurel Maribel"" and then concatenate them together.

1. The last letter of ""Paula"" is ""a"".
2. The last letter of ""Irina"" is ""a"".
3. The last letter of ""Laurel"" is ""l"".
4. The last letter of ""Maribel"" is ""l"".

Now, concatenate these letters together: ""aall"".

Therefore, the final result is ""aall"".
ANSWER_AS_TEXT: aall",True,,MAJOR_ANSWER,,,
8,,"Take the last letters of each words in ""Louise Mariano Laura Gerardo"" and concatenate them.",eoao,"COT: To solve the problem, we need to take the last letter of each word in the phrase ""Louise Mariano Laura Gerardo"" and concatenate them together.

1. The last letter of ""Louise"" is ""e"".
2. The last letter of ""Mariano"" is ""o"".
3. The last letter of ""Laura"" is ""a"".
4. The last letter of ""Gerardo"" is ""o"".

Now, concatenate these letters together: ""e"", ""o"", ""a"", ""o"".

The final result is ""eoao"".
ANSWER_AS_TEXT: eoao",True,,MAJOR_ANSWER,,,
9,,"Take the last letters of each words in ""Ramona Lucy Gail Octavio"" and concatenate them.",aylo,"COT: To solve this problem, we need to take the last letter of each word in the phrase ""Ramona Lucy Gail Octavio"" and then concatenate them together.

1. The last letter of ""Ramona"" is ""a"".
2. The last letter of ""Lucy"" is ""y"".
3. The last letter of ""Gail"" is ""l"".
4. The last letter of ""Octavio"" is ""o"".

Now, we concatenate these letters together: ""a"" + ""y"" + ""l"" + ""o"" = ""aylo"".

Therefore, the concatenated result is ""aylo"".
ANSWER_AS_TEXT: aylo",True,,MAJOR_ANSWER,,,
10,,"Take the last letters of each words in ""Star Jude Rosemarie Raquel"" and concatenate them.",reel,"COT: To solve this problem, we need to take the last letter of each word in the phrase ""Star Jude Rosemarie Raquel"" and then concatenate them together.

1. The last letter of ""Star"" is ""r"".
2. The last letter of ""Jude"" is ""e"".
3. The last letter of ""Rosemarie"" is ""e"".
4. The last letter of ""Raquel"" is ""l"".

Now, we concatenate these letters together: ""r"" + ""e"" + ""e"" + ""l"" = ""reel"".

Therefore, the concatenated result is ""reel"".
ANSWER_AS_TEXT: reel",True,,MAJOR_ANSWER,,,
11,,"Take the last letters of each words in ""Amy Ella Amilcar Roman"" and concatenate them.",yarn,"COT: To solve the problem, we need to take the last letter of each word in the phrase ""Amy Ella Amilcar Roman"" and then concatenate them together.

1. The last letter of ""Amy"" is ""y"".
2. The last letter of ""Ella"" is ""a"".
3. The last letter of ""Amilcar"" is ""r"".
4. The last letter of ""Roman"" is ""n"".

Now, we concatenate these letters together: ""yarn"".

Therefore, the final result is ""yarn"".
ANSWER_AS_TEXT: yarn",True,,MAJOR_ANSWER,,,
12,,"Take the last letters of each words in ""Evan Ray Sofia Alonso"" and concatenate them.",nyao,"COT: To solve the problem, we need to take the last letter of each word in the phrase ""Evan Ray Sofia Alonso"" and then concatenate them together.

1. The last letter of ""Evan"" is ""n"".
2. The last letter of ""Ray"" is ""y"".
3. The last letter of ""Sofia"" is ""a"".
4. The last letter of ""Alonso"" is ""o"".

Now, we concatenate these letters together: ""n"" + ""y"" + ""a"" + ""o"" = ""nyao"".

Therefore, the concatenated result is ""nyao"".
ANSWER_AS_TEXT: ""nyao"".",False,,MAJOR_ANSWER,,,
13,,"Take the last letters of each words in ""Janette Stacey Ronny Kim"" and concatenate them.",eyym,"COT: To solve the problem, we need to take the last letter of each word in the phrase ""Janette Stacey Ronny Kim"" and then concatenate them together.

1. The last letter of ""Janette"" is ""e"".
2. The last letter of ""Stacey"" is ""y"".
3. The last letter of ""Ronny"" is ""y"".
4. The last letter of ""Kim"" is ""m"".

Now, concatenate these letters together: ""e"", ""y"", ""y"", ""m"".

The final result is ""eyym"".
ANSWER_AS_TEXT: ""eyym"".",False,,MAJOR_ANSWER,,,
14,,"Take the last letters of each words in ""Alina Alessandra Amina Bianca"" and concatenate them.",aaaa,"COT: To solve the problem, we need to take the last letter of each word in the phrase ""Alina Alessandra Amina Bianca"" and then concatenate them together.

1. The last letter of ""Alina"" is ""a"".
2. The last letter of ""Alessandra"" is ""a"".
3. The last letter of ""Amina"" is ""a"".
4. The last letter of ""Bianca"" is ""a"".

Now, we concatenate these letters together: ""a"" + ""a"" + ""a"" + ""a"" = ""aaaa"".

Therefore, the result is ""aaaa"".
ANSWER_AS_TEXT: ""aaaa"".",False,,MAJOR_ANSWER,,,
15,,"Take the last letters of each words in ""Leigh Mindy Rocky Lex"" and concatenate them.",hyyx,"COT: To solve the problem, we need to take the last letter of each word in the phrase ""Leigh Mindy Rocky Lex"" and then concatenate them together.

1. The last letter of ""Leigh"" is ""h"".
2. The last letter of ""Mindy"" is ""y"".
3. The last letter of ""Rocky"" is ""y"".
4. The last letter of ""Lex"" is ""x"".

Now, concatenate these letters together: ""hyyx"".

Therefore, the final result is ""hyyx"".
ANSWER_AS_TEXT: hyyx",True,,MAJOR_ANSWER,,,
16,,"Take the last letters of each words in ""Drew Jhon Jayden Cliff"" and concatenate them.",wnnf,"COT: To solve the problem, we need to take the last letter of each word in the phrase ""Drew Jhon Jayden Cliff"" and then concatenate them together.

1. The last letter of ""Drew"" is ""w"".
2. The last letter of ""Jhon"" is ""n"".
3. The last letter of ""Jayden"" is ""n"".
4. The last letter of ""Cliff"" is ""f"".

Now, concatenate these letters together: ""w"", ""n"", ""n"", ""f"".

The final result is ""wnnf"".
ANSWER_AS_TEXT: wnnf",True,,MAJOR_ANSWER,,,
17,,"Take the last letters of each words in ""Meagan Naomi Israel Marie"" and concatenate them.",nile,"COT: To solve this problem, we need to take the last letter of each word in the phrase ""Meagan Naomi Israel Marie"" and then concatenate them together.

1. The last letter of ""Meagan"" is ""n"".
2. The last letter of ""Naomi"" is ""i"".
3. The last letter of ""Israel"" is ""l"".
4. The last letter of ""Marie"" is ""e"".

Now, we concatenate these letters together: ""nile"".

Therefore, the final result is ""nile"".
ANSWER_AS_TEXT: nile",True,,MAJOR_ANSWER,,,
18,,"Take the last letters of each words in ""Tiara Araceli Michaela Genaro"" and concatenate them.",aiao,"COT: To solve the problem, we need to take the last letter of each word in the phrase ""Tiara Araceli Michaela Genaro"" and concatenate them together.

1. The last letter of ""Tiara"" is ""a"".
2. The last letter of ""Araceli"" is ""i"".
3. The last letter of ""Michaela"" is ""a"".
4. The last letter of ""Genaro"" is ""o"".

Now, we concatenate these letters together: ""aiao"".

Therefore, the final result is ""aiao"".
ANSWER_AS_TEXT: aiao",True,,MAJOR_ANSWER,,,
19,,"Take the last letters of each words in ""Sonya Eddy Carol Yung"" and concatenate them.",aylg,"COT: To solve the problem, we need to take the last letter of each word in the phrase ""Sonya Eddy Carol Yung"" and concatenate them together.

1. The last letter of ""Sonya"" is ""a"".
2. The last letter of ""Eddy"" is ""y"".
3. The last letter of ""Carol"" is ""l"".
4. The last letter of ""Yung"" is ""g"".

Now, we concatenate these letters together: ""a"" + ""y"" + ""l"" + ""g"" = ""aylg"".

Therefore, the concatenated result is ""aylg"".
ANSWER_AS_TEXT: aylg",True,,MAJOR_ANSWER,,,
20,,"Take the last letters of each words in ""Marcy Gonzalez Alice Arlene"" and concatenate them.",yzee,"COT: To solve the problem, we need to take the last letter of each word in the phrase ""Marcy Gonzalez Alice Arlene"" and concatenate them together.

1. The last letter of ""Marcy"" is ""y"".
2. The last letter of ""Gonzalez"" is ""z"".
3. The last letter of ""Alice"" is ""e"".
4. The last letter of ""Arlene"" is ""e"".

Now, concatenate these letters together: ""yzee"".

Therefore, the final result is ""yzee"".
ANSWER_AS_TEXT: yzee",True,,MAJOR_ANSWER,,,
21,,"Take the last letters of each words in ""Alonzo Dorothy Alfred Rodriguez"" and concatenate them.",oydz,"COT: To solve this problem, we need to take the last letter of each word in the phrase ""Alonzo Dorothy Alfred Rodriguez"" and then concatenate them together.

1. The last letter of ""Alonzo"" is ""o"".
2. The last letter of ""Dorothy"" is ""y"".
3. The last letter of ""Alfred"" is ""d"".
4. The last letter of ""Rodriguez"" is ""z"".

Now, we concatenate these letters together: ""o"", ""y"", ""d"", ""z"".

Therefore, the final result is ""oydz"".
ANSWER_AS_TEXT: oydz",True,,MAJOR_ANSWER,,,
22,,"Take the last letters of each words in ""Dorian Mayra Freddie Magaly"" and concatenate them.",naey,"COT: To solve this problem, we need to take the last letter of each word in the phrase ""Dorian Mayra Freddie Magaly"" and then concatenate them together.

1. The last letter of ""Dorian"" is ""n"".
2. The last letter of ""Mayra"" is ""a"".
3. The last letter of ""Freddie"" is ""e"".
4. The last letter of ""Magaly"" is ""y"".

Now, we concatenate these letters together: ""n"" + ""a"" + ""e"" + ""y"" = ""naey"".

Therefore, the final result is ""naey"".
ANSWER_AS_TEXT: naey",True,,MAJOR_ANSWER,,,
23,,"Take the last letters of each words in ""Tori Mariam Gaby Brayan"" and concatenate them.",imyn,"COT: To solve this problem, we need to take the last letter of each word in the phrase ""Tori Mariam Gaby Brayan"" and then concatenate them together.

1. The last letter of ""Tori"" is ""i"".
2. The last letter of ""Mariam"" is ""m"".
3. The last letter of ""Gaby"" is ""y"".
4. The last letter of ""Brayan"" is ""n"".

Now, we concatenate these letters together: ""i"" + ""m"" + ""y"" + ""n"" = ""imyn"".

Therefore, the final result is ""imyn"".
ANSWER_AS_TEXT: imyn",True,,MAJOR_ANSWER,,,
24,,"Take the last letters of each words in ""Maritza Nana Loretta Eric"" and concatenate them.",aaac,"COT: To solve the problem, we need to take the last letter of each word in the phrase ""Maritza Nana Loretta Eric"" and concatenate them together.

1. The last letter of ""Maritza"" is ""a"".
2. The last letter of ""Nana"" is ""a"".
3. The last letter of ""Loretta"" is ""a"".
4. The last letter of ""Eric"" is ""c"".

Now, we concatenate these letters together: ""a"" + ""a"" + ""a"" + ""c"" = ""aaac"".

Therefore, the final result is ""aaac"".
ANSWER_AS_TEXT: aaac",True,,MAJOR_ANSWER,,,
25,,"Take the last letters of each words in ""Mercedes Adela Susana Rose"" and concatenate them.",saae,"COT: To solve the problem, we need to take the last letter of each word in the phrase ""Mercedes Adela Susana Rose"" and concatenate them together.

1. The last letter of ""Mercedes"" is ""s"".
2. The last letter of ""Adela"" is ""a"".
3. The last letter of ""Susana"" is ""a"".
4. The last letter of ""Rose"" is ""e"".

Now, we concatenate these letters together: ""saae"".

Therefore, the final result is ""saae"".
ANSWER_AS_TEXT: saae",True,,MAJOR_ANSWER,,,
26,,"Take the last letters of each words in ""Claudia Cole Matthew Juan Pablo"" and concatenate them.",aewo,"COT: To solve the problem, we need to take the last letter of each word in the phrase ""Claudia Cole Matthew Juan Pablo"" and concatenate them together.

1. The last letter of ""Claudia"" is ""a"".
2. The last letter of ""Cole"" is ""e"".
3. The last letter of ""Matthew"" is ""w"".
4. The last letter of ""Juan"" is ""n"".
5. The last letter of ""Pablo"" is ""o"".

Now, concatenate these letters together: ""aewno"".

Therefore, the final result is ""aewno"".
ANSWER_AS_TEXT: aewno",False,,MAJOR_ANSWER,,,
27,,"Take the last letters of each words in ""Kali Jeanette Tess Devin"" and concatenate them.",iesn,"COT: To solve this problem, we need to take the last letter of each word in the phrase ""Kali Jeanette Tess Devin"" and concatenate them together.

1. The last letter of ""Kali"" is ""i"".
2. The last letter of ""Jeanette"" is ""e"".
3. The last letter of ""Tess"" is ""s"".
4. The last letter of ""Devin"" is ""n"".

Now, we concatenate these letters together: ""i"", ""e"", ""s"", ""n"".

The final result is ""iesn"".
ANSWER_AS_TEXT: ""iesn"".",False,,MAJOR_ANSWER,,,
28,,"Take the last letters of each words in ""Jacky Socorro Mark Wanda"" and concatenate them.",yoka,"COT: To solve this problem, we need to take the last letter of each word in the phrase ""Jacky Socorro Mark Wanda"" and then concatenate them together.

1. The last letter of ""Jacky"" is ""y"".
2. The last letter of ""Socorro"" is ""o"".
3. The last letter of ""Mark"" is ""k"".
4. The last letter of ""Wanda"" is ""a"".

Now, we concatenate these letters together: ""yoka"".

Therefore, the final result is ""yoka"".
ANSWER_AS_TEXT: yoka",True,,MAJOR_ANSWER,,,
29,,"Take the last letters of each words in ""Rosie Charlie Mick Jacquelyn"" and concatenate them.",eekn,"COT: To solve the problem, we need to take the last letter of each word in the phrase ""Rosie Charlie Mick Jacquelyn"" and concatenate them together.

1. The last letter of ""Rosie"" is ""e"".
2. The last letter of ""Charlie"" is ""e"".
3. The last letter of ""Mick"" is ""k"".
4. The last letter of ""Jacquelyn"" is ""n"".

Now, concatenate these letters together: ""eekn"".

Therefore, the final result is ""eekn"".
ANSWER_AS_TEXT: eekn",True,,MAJOR_ANSWER,,,
30,,"Take the last letters of each words in ""Andrés Miles Ronaldo Melinda"" and concatenate them.",ssoa,"COT: To solve the problem, we need to take the last letter of each word in the phrase ""Andrés Miles Ronaldo Melinda"" and concatenate them together.

1. The last letter of ""Andrés"" is ""s"".
2. The last letter of ""Miles"" is ""s"".
3. The last letter of ""Ronaldo"" is ""o"".
4. The last letter of ""Melinda"" is ""a"".

Now, concatenate these letters together: ""ssoa"".

Therefore, the final result is ""ssoa"".
ANSWER_AS_TEXT: ssoa",True,,MAJOR_ANSWER,,,
31,,"Take the last letters of each words in ""Selina Tasha Jarrod Maddy"" and concatenate them.",aady,"COT: To solve the problem, we need to take the last letter of each word in the phrase ""Selina Tasha Jarrod Maddy"" and then concatenate them together.

1. The last letter of ""Selina"" is ""a"".
2. The last letter of ""Tasha"" is ""a"".
3. The last letter of ""Jarrod"" is ""d"".
4. The last letter of ""Maddy"" is ""y"".

Now, we concatenate these letters together: ""aady"".

Therefore, the final result is ""aady"".
ANSWER_AS_TEXT: aady",True,,MAJOR_ANSWER,,,
32,,"Take the last letters of each words in ""Noelia Cassidy Ashok Francisco"" and concatenate them.",ayko,"COT: To solve the problem, we need to take the last letter of each word in the phrase ""Noelia Cassidy Ashok Francisco"" and concatenate them together.

1. The last letter of ""Noelia"" is ""a"".
2. The last letter of ""Cassidy"" is ""y"".
3. The last letter of ""Ashok"" is ""k"".
4. The last letter of ""Francisco"" is ""o"".

Now, concatenate these letters together: ""a"", ""y"", ""k"", ""o"".

The final result is: ""ayko"".
ANSWER_AS_TEXT: ayko",True,,MAJOR_ANSWER,,,
33,,"Take the last letters of each words in ""Anastasia Thelma Sheri Rosita"" and concatenate them.",aaia,"COT: To solve the problem, we need to take the last letter of each word in the phrase ""Anastasia Thelma Sheri Rosita"" and then concatenate them together.

1. The last letter of ""Anastasia"" is ""a"".
2. The last letter of ""Thelma"" is ""a"".
3. The last letter of ""Sheri"" is ""i"".
4. The last letter of ""Rosita"" is ""a"".

Now, we concatenate these letters together: ""a"" + ""a"" + ""i"" + ""a"" = ""aaia"".

Therefore, the final result is ""aaia"".
ANSWER_AS_TEXT: aaia",True,,MAJOR_ANSWER,,,
34,,"Take the last letters of each words in ""Billie Paloma Tanner Raul"" and concatenate them.",earl,"COT: To solve the problem, we need to take the last letter of each word in the phrase ""Billie Paloma Tanner Raul"" and concatenate them together.

1. The last letter of ""Billie"" is ""e"".
2. The last letter of ""Paloma"" is ""a"".
3. The last letter of ""Tanner"" is ""r"".
4. The last letter of ""Raul"" is ""l"".

Now, concatenate these letters together: ""e"", ""a"", ""r"", ""l"".

The final result is ""earl"".
ANSWER_AS_TEXT: earl",True,,MAJOR_ANSWER,,,
35,,"Take the last letters of each words in ""Erwin Chad Margarito Shanna"" and concatenate them.",ndoa,"COT: To solve this problem, we need to take the last letter of each word in the phrase ""Erwin Chad Margarito Shanna"" and then concatenate them together.

1. The last letter of ""Erwin"" is ""n"".
2. The last letter of ""Chad"" is ""d"".
3. The last letter of ""Margarito"" is ""o"".
4. The last letter of ""Shanna"" is ""a"".

Now, we concatenate these letters together: ""n"" + ""d"" + ""o"" + ""a"" = ""ndoa"".

Therefore, the final result is ""ndoa"".
ANSWER_AS_TEXT: ndoa",True,,MAJOR_ANSWER,,,
36,,"Take the last letters of each words in ""Paris Jimmie Andrew Ramón"" and concatenate them.",sewn,"COT: To solve the problem, we need to take the last letter of each word in the phrase ""Paris Jimmie Andrew Ramón"" and then concatenate them together.

1. The last letter of ""Paris"" is ""s"".
2. The last letter of ""Jimmie"" is ""e"".
3. The last letter of ""Andrew"" is ""w"".
4. The last letter of ""Ramón"" is ""n"".

Now, we concatenate these letters together: ""s"", ""e"", ""w"", ""n"".

Therefore, the final result is ""sewn"".
ANSWER_AS_TEXT: ""sewn"".",False,,MAJOR_ANSWER,,,
37,,"Take the last letters of each words in ""Buddy Violet Johana Tina"" and concatenate them.",ytaa,"COT: To solve this problem, we need to take the last letter of each word in the phrase ""Buddy Violet Johana Tina"" and then concatenate them together.

1. The last letter of ""Buddy"" is ""y"".
2. The last letter of ""Violet"" is ""t"".
3. The last letter of ""Johana"" is ""a"".
4. The last letter of ""Tina"" is ""a"".

Now, we concatenate these letters together: ""ytaa"".

Therefore, the final result is ""ytaa"".
ANSWER_AS_TEXT: ytaa",True,,MAJOR_ANSWER,,,
38,,"Take the last letters of each words in ""Lora Alberto Cathy Kara"" and concatenate them.",aoya,"COT: To solve this problem, we need to take the last letter of each word in the phrase ""Lora Alberto Cathy Kara"" and then concatenate them together.

1. The last letter of ""Lora"" is ""a"".
2. The last letter of ""Alberto"" is ""o"".
3. The last letter of ""Cathy"" is ""y"".
4. The last letter of ""Kara"" is ""a"".

Now, we concatenate these letters together: ""a"" + ""o"" + ""y"" + ""a"" = ""aoya"".

Therefore, the concatenated result is ""aoya"".
ANSWER_AS_TEXT: aoya",True,,MAJOR_ANSWER,,,
39,,"Take the last letters of each words in ""Luz Terence Elder Jazmin"" and concatenate them.",zern,"COT: To solve this problem, we need to take the last letter of each word in the phrase ""Luz Terence Elder Jazmin"" and then concatenate them together.

1. The last letter of ""Luz"" is ""z"".
2. The last letter of ""Terence"" is ""e"".
3. The last letter of ""Elder"" is ""r"".
4. The last letter of ""Jazmin"" is ""n"".

Now, we concatenate these letters together: ""zern"".

Therefore, the final result is ""zern"".
ANSWER_AS_TEXT: zern",True,,MAJOR_ANSWER,,,
40,,"Take the last letters of each words in ""Marlen Sonja Anita Dale"" and concatenate them.",naae,"COT: To solve the problem, we need to take the last letter of each word in the phrase ""Marlen Sonja Anita Dale"" and then concatenate them together.

1. The last letter of ""Marlen"" is ""n"".
2. The last letter of ""Sonja"" is ""a"".
3. The last letter of ""Anita"" is ""a"".
4. The last letter of ""Dale"" is ""e"".

Now, we concatenate these letters together: ""n"" + ""a"" + ""a"" + ""e"".

Therefore, the final result is ""naae"".
ANSWER_AS_TEXT: ""naae"".",False,,MAJOR_ANSWER,,,
41,,"Take the last letters of each words in ""Ericka Aly Darius Reed"" and concatenate them.",aysd,"COT: To solve the problem, we need to take the last letter of each word in the phrase ""Ericka Aly Darius Reed"" and concatenate them together.

1. The last letter of ""Ericka"" is ""a"".
2. The last letter of ""Aly"" is ""y"".
3. The last letter of ""Darius"" is ""s"".
4. The last letter of ""Reed"" is ""d"".

Now, we concatenate these letters together: ""a"" + ""y"" + ""s"" + ""d"" = ""aysd"".

Therefore, the concatenated result is ""aysd"".
ANSWER_AS_TEXT: ""aysd"".",False,,MAJOR_ANSWER,,,
42,,"Take the last letters of each words in ""Martha Elijah Dominic Tonya"" and concatenate them.",ahca,"COT: To solve this problem, we need to take the last letter of each word in the phrase ""Martha Elijah Dominic Tonya"" and then concatenate them together.

1. The last letter of ""Martha"" is ""a"".
2. The last letter of ""Elijah"" is ""h"".
3. The last letter of ""Dominic"" is ""c"".
4. The last letter of ""Tonya"" is ""a"".

Now, we concatenate these letters together: ""a"", ""h"", ""c"", ""a"".

Therefore, the final result is ""ahca"".
ANSWER_AS_TEXT: ""ahca"".",False,,MAJOR_ANSWER,,,
43,,"Take the last letters of each words in ""Yamileth Dane Aron Dee"" and concatenate them.",hene,"COT: To solve this problem, we need to take the last letter of each word in the phrase ""Yamileth Dane Aron Dee"" and then concatenate them together.

1. The last letter of ""Yamileth"" is ""h"".
2. The last letter of ""Dane"" is ""e"".
3. The last letter of ""Aron"" is ""n"".
4. The last letter of ""Dee"" is ""e"".

Now, we concatenate these letters together: ""hene"".

Therefore, the final result is ""hene"".
ANSWER_AS_TEXT: hene",True,,MAJOR_ANSWER,,,
44,,"Take the last letters of each words in ""Kristen Herbert Benny El"" and concatenate them.",ntyl,"COT: To solve the problem, we need to take the last letter of each word in the phrase ""Kristen Herbert Benny El"" and concatenate them together.

1. The last letter of ""Kristen"" is ""n"".
2. The last letter of ""Herbert"" is ""t"".
3. The last letter of ""Benny"" is ""y"".
4. The last letter of ""El"" is ""l"".

Now, we concatenate these letters together: ""n"" + ""t"" + ""y"" + ""l"" = ""ntyl"".

Therefore, the final result is ""ntyl"".
ANSWER_AS_TEXT: ntyl",True,,MAJOR_ANSWER,,,
45,,"Take the last letters of each words in ""Liliana Quincy Bart Makayla"" and concatenate them.",ayta,"COT: To solve this problem, we need to take the last letter of each word in the phrase ""Liliana Quincy Bart Makayla"" and concatenate them together.

1. The last letter of ""Liliana"" is ""a"".
2. The last letter of ""Quincy"" is ""y"".
3. The last letter of ""Bart"" is ""t"".
4. The last letter of ""Makayla"" is ""a"".

Now, we concatenate these letters together: ""a"" + ""y"" + ""t"" + ""a"" = ""ayta"".

Therefore, the final result is ""ayta"".
ANSWER_AS_TEXT: ayta",True,,MAJOR_ANSWER,,,
46,,"Take the last letters of each words in ""María Fredy Bridgette Kenya"" and concatenate them.",ayea,"COT: To solve the problem, we need to take the last letter of each word in the phrase ""María Fredy Bridgette Kenya"" and then concatenate them together.

1. The last letter of ""María"" is ""a"".
2. The last letter of ""Fredy"" is ""y"".
3. The last letter of ""Bridgette"" is ""e"".
4. The last letter of ""Kenya"" is ""a"".

Now, we concatenate these letters together: ""a"", ""y"", ""e"", ""a"".

Therefore, the final result is ""ayea"".
ANSWER_AS_TEXT: ayea",True,,MAJOR_ANSWER,,,
47,,"Take the last letters of each words in ""Alexander Marina Valentina Mila"" and concatenate them.",raaa,"COT: To solve this problem, we need to take the last letter of each word in the phrase ""Alexander Marina Valentina Mila"" and then concatenate them together.

1. The last letter of ""Alexander"" is ""r"".
2. The last letter of ""Marina"" is ""a"".
3. The last letter of ""Valentina"" is ""a"".
4. The last letter of ""Mila"" is ""a"".

Now, we concatenate these letters together: ""r"", ""a"", ""a"", ""a"".

Therefore, the final result is ""raaa"".
ANSWER_AS_TEXT: ""raaa"".",False,,MAJOR_ANSWER,,,
48,,"Take the last letters of each words in ""Maxwell Jose Beto Joe"" and concatenate them.",leoe,"COT: To solve this problem, we need to take the last letter of each word in the phrase ""Maxwell Jose Beto Joe"" and then concatenate them together.

1. The last letter of ""Maxwell"" is ""l"".
2. The last letter of ""Jose"" is ""e"".
3. The last letter of ""Beto"" is ""o"".
4. The last letter of ""Joe"" is ""e"".

Now, we concatenate these letters together: ""l"", ""e"", ""o"", ""e"".

Therefore, the final result is ""leoe"".
ANSWER_AS_TEXT: ""leoe"".",False,,MAJOR_ANSWER,,,
49,,"Take the last letters of each words in ""Carmelo Tony Susan Sara"" and concatenate them.",oyna,"COT: To solve this problem, we need to take the last letter of each word in the phrase ""Carmelo Tony Susan Sara"" and then concatenate them together.

1. The last letter of ""Carmelo"" is ""o"".
2. The last letter of ""Tony"" is ""y"".
3. The last letter of ""Susan"" is ""n"".
4. The last letter of ""Sara"" is ""a"".

Now, we concatenate these letters together: ""o"" + ""y"" + ""n"" + ""a"" = ""oyna"".

Therefore, the concatenated result is ""oyna"".
ANSWER_AS_TEXT: oyna",True,,MAJOR_ANSWER,,,
50,,"Take the last letters of each words in ""Angeles Richard Luciana Darlene"" and concatenate them.",sdae,"COT: To solve the problem, we need to take the last letter of each word in the phrase ""Angeles Richard Luciana Darlene"" and concatenate them together.

1. The last letter of ""Angeles"" is ""s"".
2. The last letter of ""Richard"" is ""d"".
3. The last letter of ""Luciana"" is ""a"".
4. The last letter of ""Darlene"" is ""e"".

Now, we concatenate these letters together: ""sdae"".

Therefore, the final result is ""sdae"".
ANSWER_AS_TEXT: sdae",True,,MAJOR_ANSWER,,,
51,,"Take the last letters of each words in ""Phillip Ajay Janie Augusto"" and concatenate them.",pyeo,"COT: To solve the problem, we need to take the last letter of each word in the phrase ""Phillip Ajay Janie Augusto"" and concatenate them together.

1. The last letter of ""Phillip"" is ""p"".
2. The last letter of ""Ajay"" is ""y"".
3. The last letter of ""Janie"" is ""e"".
4. The last letter of ""Augusto"" is ""o"".

Now, concatenate these letters together: ""pyeo"".

Therefore, the final result is ""pyeo"".
ANSWER_AS_TEXT: pyeo",True,,MAJOR_ANSWER,,,
52,,"Take the last letters of each words in ""Andy Cecilia Gretchen Sandi"" and concatenate them.",yani,"COT: To solve the problem, we need to take the last letter of each word in the phrase ""Andy Cecilia Gretchen Sandi"" and then concatenate them together.

1. The last letter of ""Andy"" is ""y"".
2. The last letter of ""Cecilia"" is ""a"".
3. The last letter of ""Gretchen"" is ""n"".
4. The last letter of ""Sandi"" is ""i"".

Now, we concatenate these letters together: ""yani"".

Therefore, the final result is ""yani"".
ANSWER_AS_TEXT: yani",True,,MAJOR_ANSWER,,,
53,,"Take the last letters of each words in ""Pedro Leopoldo Tee Mar"" and concatenate them.",ooer,"COT: To solve the problem, we need to take the last letter of each word in the phrase ""Pedro Leopoldo Tee Mar"" and concatenate them together.

1. The last letter of ""Pedro"" is ""o"".
2. The last letter of ""Leopoldo"" is ""o"".
3. The last letter of ""Tee"" is ""e"".
4. The last letter of ""Mar"" is ""r"".

Now, we concatenate these letters: ""o"" + ""o"" + ""e"" + ""r"" = ""ooer"".

Therefore, the final result is ""ooer"".
ANSWER_AS_TEXT: ooer",True,,MAJOR_ANSWER,,,
54,,"Take the last letters of each words in ""Pauline Kerry Jeannette Hope"" and concatenate them.",eyee,"COT: To solve this problem, we need to take the last letter of each word in the phrase ""Pauline Kerry Jeannette Hope"" and then concatenate them together.

1. The last letter of ""Pauline"" is ""e"".
2. The last letter of ""Kerry"" is ""y"".
3. The last letter of ""Jeannette"" is ""e"".
4. The last letter of ""Hope"" is ""e"".

Now, concatenate these letters together: ""e"", ""y"", ""e"", ""e"".

The final result is ""eyee"".
ANSWER_AS_TEXT: eyee",True,,MAJOR_ANSWER,,,
55,,"Take the last letters of each words in ""Daniella Dianne Ram Mirian"" and concatenate them.",aemn,"COT: To solve this problem, we need to take the last letter of each word in the phrase ""Daniella Dianne Ram Mirian"" and then concatenate them together.

1. The last letter of ""Daniella"" is ""a"".
2. The last letter of ""Dianne"" is ""e"".
3. The last letter of ""Ram"" is ""m"".
4. The last letter of ""Mirian"" is ""n"".

Now, we concatenate these letters together: ""aemn"".

Therefore, the final result is ""aemn"".
ANSWER_AS_TEXT: aemn",True,,MAJOR_ANSWER,,,
56,,"Take the last letters of each words in ""Natalie Gilbert Brian Sanchez"" and concatenate them.",etnz,"COT: To solve this problem, we need to take the last letter of each word in the phrase ""Natalie Gilbert Brian Sanchez"" and then concatenate them together.

1. The last letter of ""Natalie"" is ""e"".
2. The last letter of ""Gilbert"" is ""t"".
3. The last letter of ""Brian"" is ""n"".
4. The last letter of ""Sanchez"" is ""z"".

Now, we concatenate these letters together: ""e"" + ""t"" + ""n"" + ""z"" = ""etnz"".

Therefore, the final result is ""etnz"".
ANSWER_AS_TEXT: etnz",True,,MAJOR_ANSWER,,,
57,,"Take the last letters of each words in ""Jorge Luis Mo Alexia Jerry"" and concatenate them.",soay,"COT: To solve this problem, we need to take the last letter of each word in the phrase ""Jorge Luis Mo Alexia Jerry"" and then concatenate them together.

1. The last letter of ""Jorge"" is ""e"".
2. The last letter of ""Luis"" is ""s"".
3. The last letter of ""Mo"" is ""o"".
4. The last letter of ""Alexia"" is ""a"".
5. The last letter of ""Jerry"" is ""y"".

Now, we concatenate these letters together: ""e"", ""s"", ""o"", ""a"", ""y"".

Therefore, the final result is: ""esoay"".
ANSWER_AS_TEXT: esoay",False,,MAJOR_ANSWER,,,
58,,"Take the last letters of each words in ""Donnie Alli Terry Krystal"" and concatenate them.",eiyl,"COT: To solve this problem, we need to take the last letter of each word in the phrase ""Donnie Alli Terry Krystal"" and then concatenate them together.

1. The last letter of ""Donnie"" is ""e"".
2. The last letter of ""Alli"" is ""i"".
3. The last letter of ""Terry"" is ""y"".
4. The last letter of ""Krystal"" is ""l"".

Now, we concatenate these letters together: ""eiyl"".

Therefore, the final result is ""eiyl"".
ANSWER_AS_TEXT: eiyl",True,,MAJOR_ANSWER,,,
59,,"Take the last letters of each words in ""Guillermo Gerry Lizbeth Charly"" and concatenate them.",oyhy,"COT: To solve the problem, we need to take the last letter of each word in the phrase ""Guillermo Gerry Lizbeth Charly"" and concatenate them together.

1. The last letter of ""Guillermo"" is ""o"".
2. The last letter of ""Gerry"" is ""y"".
3. The last letter of ""Lizbeth"" is ""h"".
4. The last letter of ""Charly"" is ""y"".

Now, concatenate these letters together: ""o"", ""y"", ""h"", ""y"".

The final result is: ""oyhy"".
ANSWER_AS_TEXT: oyhy",True,,MAJOR_ANSWER,,,
60,,"Take the last letters of each words in ""Issa Kendra Ignacio Henry"" and concatenate them.",aaoy,"COT: To solve this problem, we need to take the last letter of each word in the phrase ""Issa Kendra Ignacio Henry"" and then concatenate them together.

1. The last letter of ""Issa"" is ""a"".
2. The last letter of ""Kendra"" is ""a"".
3. The last letter of ""Ignacio"" is ""o"".
4. The last letter of ""Henry"" is ""y"".

Now, we concatenate these letters together: ""a"" + ""a"" + ""o"" + ""y"" = ""aaoy"".

Therefore, the final result is ""aaoy"".
ANSWER_AS_TEXT: ""aaoy"".",False,,MAJOR_ANSWER,,,
61,,"Take the last letters of each words in ""Bob Aman Richie Sana"" and concatenate them.",bnea,"COT: To solve the problem, we need to take the last letter of each word in the phrase ""Bob Aman Richie Sana"" and then concatenate them together.

1. The last letter of ""Bob"" is ""b"".
2. The last letter of ""Aman"" is ""n"".
3. The last letter of ""Richie"" is ""e"".
4. The last letter of ""Sana"" is ""a"".

Now, concatenate these letters together: ""bnea"".

Therefore, the final result is ""bnea"".
ANSWER_AS_TEXT: ""bnea"".",False,,MAJOR_ANSWER,,,
62,,"Take the last letters of each words in ""Hazel Gabrielle Tre Dalton"" and concatenate them.",leen,"COT: To solve this problem, we need to take the last letter of each word in the phrase ""Hazel Gabrielle Tre Dalton"" and concatenate them together.

1. The last letter of ""Hazel"" is ""l"".
2. The last letter of ""Gabrielle"" is ""e"".
3. The last letter of ""Tre"" is ""e"".
4. The last letter of ""Dalton"" is ""n"".

Now, we concatenate these letters together: ""l"", ""e"", ""e"", ""n"".

Therefore, the final result is ""leen"".
ANSWER_AS_TEXT: ""leen"".",False,,MAJOR_ANSWER,,,
63,,"Take the last letters of each words in ""Carissa Paige Consuelo Izzy"" and concatenate them.",aeoy,"COT: To solve this problem, we need to take the last letter of each word in the phrase ""Carissa Paige Consuelo Izzy"" and then concatenate them together.

1. The last letter of ""Carissa"" is ""a"".
2. The last letter of ""Paige"" is ""e"".
3. The last letter of ""Consuelo"" is ""o"".
4. The last letter of ""Izzy"" is ""y"".

Now, we concatenate these letters together: ""a"", ""e"", ""o"", ""y"".

Therefore, the final result is ""aeoy"".
ANSWER_AS_TEXT: ""aeoy"".",False,,MAJOR_ANSWER,,,
64,,"Take the last letters of each words in ""Jon Heath Reynaldo Catherine"" and concatenate them.",nhoe,"COT: To solve the problem, we need to take the last letter of each word in the phrase ""Jon Heath Reynaldo Catherine"" and concatenate them together.

1. The last letter of ""Jon"" is ""n"".
2. The last letter of ""Heath"" is ""h"".
3. The last letter of ""Reynaldo"" is ""o"".
4. The last letter of ""Catherine"" is ""e"".

Now, we concatenate these letters together: ""nhoe"".

Therefore, the final result is ""nhoe"".
ANSWER_AS_TEXT: nhoe",True,,MAJOR_ANSWER,,,
65,,"Take the last letters of each words in ""Evelyn Mason Shelby Aldo"" and concatenate them.",nnyo,"COT: To solve the problem, we need to take the last letter of each word in the phrase ""Evelyn Mason Shelby Aldo"" and concatenate them together.

1. The last letter of ""Evelyn"" is ""n"".
2. The last letter of ""Mason"" is ""n"".
3. The last letter of ""Shelby"" is ""y"".
4. The last letter of ""Aldo"" is ""o"".

Now, concatenate these letters together: ""nnyo"".

Therefore, the final result is ""nnyo"".
ANSWER_AS_TEXT: nnyo",True,,MAJOR_ANSWER,,,
66,,"Take the last letters of each words in ""Alexandria Meghan Autumn Robert"" and concatenate them.",annt,"COT: To solve the problem, we need to take the last letter of each word in the phrase ""Alexandria Meghan Autumn Robert"" and concatenate them together.

1. The last letter of ""Alexandria"" is ""a"".
2. The last letter of ""Meghan"" is ""n"".
3. The last letter of ""Autumn"" is ""n"".
4. The last letter of ""Robert"" is ""t"".

Now, concatenate these letters together: ""a"" + ""n"" + ""n"" + ""t"" = ""annt"".

Therefore, the final result is ""annt"".
ANSWER_AS_TEXT: ""annt"".",False,,MAJOR_ANSWER,,,
67,,"Take the last letters of each words in ""Angela Krista Cora Denisse"" and concatenate them.",aaae,"COT: To solve this problem, we need to take the last letter of each word in the phrase ""Angela Krista Cora Denisse"" and then concatenate them together.

1. The last letter of ""Angela"" is ""a"".
2. The last letter of ""Krista"" is ""a"".
3. The last letter of ""Cora"" is ""a"".
4. The last letter of ""Denisse"" is ""e"".

Now, we concatenate these letters together: ""a"" + ""a"" + ""a"" + ""e"" = ""aaae"".

Therefore, the final result is ""aaae"".
ANSWER_AS_TEXT: ""aaae"".",False,,MAJOR_ANSWER,,,
68,,"Take the last letters of each words in ""Juliet Ricardo Tita Dianna"" and concatenate them.",toaa,"COT: To solve the problem, we need to take the last letter of each word in the phrase ""Juliet Ricardo Tita Dianna"" and concatenate them together.

1. The last letter of ""Juliet"" is ""t"".
2. The last letter of ""Ricardo"" is ""o"".
3. The last letter of ""Tita"" is ""a"".
4. The last letter of ""Dianna"" is ""a"".

Now, concatenate these letters together: ""t"" + ""o"" + ""a"" + ""a"" = ""toaa"".

Therefore, the concatenated result is ""toaa"".
ANSWER_AS_TEXT: toaa",True,,MAJOR_ANSWER,,,
69,,"Take the last letters of each words in ""Arthur Shan Norman Manny"" and concatenate them.",rnny,"COT: To solve this problem, we need to take the last letter of each word in the phrase ""Arthur Shan Norman Manny"" and then concatenate them together.

1. The last letter of ""Arthur"" is ""r"".
2. The last letter of ""Shan"" is ""n"".
3. The last letter of ""Norman"" is ""n"".
4. The last letter of ""Manny"" is ""y"".

Now, we concatenate these letters together: ""r"" + ""n"" + ""n"" + ""y"".

Therefore, the final result is ""rnny"".
ANSWER_AS_TEXT: rnny",True,,MAJOR_ANSWER,,,
70,,"Take the last letters of each words in ""Dustin Luiz Rolando Connor"" and concatenate them.",nzor,"COT: To solve the problem, we need to take the last letter of each word in the phrase ""Dustin Luiz Rolando Connor"" and concatenate them together.

1. The last letter of ""Dustin"" is ""n"".
2. The last letter of ""Luiz"" is ""z"".
3. The last letter of ""Rolando"" is ""o"".
4. The last letter of ""Connor"" is ""r"".

Now, we concatenate these letters together: ""nzor"".

Therefore, the final result is ""nzor"".
ANSWER_AS_TEXT: nzor",True,,MAJOR_ANSWER,,,
71,,"Take the last letters of each words in ""Madeline Mckenzie Louie Dylan"" and concatenate them.",eeen,"COT: To solve this problem, we need to take the last letter of each word in the phrase ""Madeline Mckenzie Louie Dylan"" and concatenate them together.

1. The last letter of ""Madeline"" is ""e"".
2. The last letter of ""Mckenzie"" is ""e"".
3. The last letter of ""Louie"" is ""e"".
4. The last letter of ""Dylan"" is ""n"".

Now, we concatenate these letters together: ""e"", ""e"", ""e"", ""n"".

Therefore, the final result is ""eeen"".
ANSWER_AS_TEXT: eeen",True,,MAJOR_ANSWER,,,
72,,"Take the last letters of each words in ""Jeremy Simone Alondra Wyatt"" and concatenate them.",yeat,"COT: To solve this problem, we need to take the last letter of each word in the phrase ""Jeremy Simone Alondra Wyatt"" and then concatenate them together.

1. The last letter of ""Jeremy"" is ""y"".
2. The last letter of ""Simone"" is ""e"".
3. The last letter of ""Alondra"" is ""a"".
4. The last letter of ""Wyatt"" is ""t"".

Now, we concatenate these letters together: ""y"", ""e"", ""a"", ""t"".

Therefore, the final result is ""yeat"".
ANSWER_AS_TEXT: ""yeat"".",False,,MAJOR_ANSWER,,,
73,,"Take the last letters of each words in ""Melody Ramiro Humberto Jacob"" and concatenate them.",yoob,"COT: To solve the problem, we need to take the last letter of each word in the phrase ""Melody Ramiro Humberto Jacob"" and then concatenate them together.

1. The last letter of ""Melody"" is ""y"".
2. The last letter of ""Ramiro"" is ""o"".
3. The last letter of ""Humberto"" is ""o"".
4. The last letter of ""Jacob"" is ""b"".

Now, concatenate these letters together: ""y"" + ""o"" + ""o"" + ""b"" = ""yoob"".

Therefore, the final result is ""yoob"".
ANSWER_AS_TEXT: yoob",True,,MAJOR_ANSWER,,,
74,,"Take the last letters of each words in ""Ruben Bernardo Ariel Shelley"" and concatenate them.",noly,"COT: To solve this problem, we need to take the last letter of each word in the phrase ""Ruben Bernardo Ariel Shelley"" and then concatenate them together.

1. The last letter of ""Ruben"" is ""n"".
2. The last letter of ""Bernardo"" is ""o"".
3. The last letter of ""Ariel"" is ""l"".
4. The last letter of ""Shelley"" is ""y"".

Now, we concatenate these letters together: ""n"" + ""o"" + ""l"" + ""y"" = ""noly"".

Therefore, the final result is ""noly"".
ANSWER_AS_TEXT: noly",True,,MAJOR_ANSWER,,,
75,,"Take the last letters of each words in ""Russell Mitchell Bee Faith"" and concatenate them.",lleh,"COT: To solve this problem, we need to take the last letter of each word in the phrase ""Russell Mitchell Bee Faith"" and concatenate them together.

1. The last letter of ""Russell"" is ""l"".
2. The last letter of ""Mitchell"" is ""l"".
3. The last letter of ""Bee"" is ""e"".
4. The last letter of ""Faith"" is ""h"".

Now, we concatenate these letters together: ""l"", ""l"", ""e"", ""h"".

Therefore, the final result is ""lleh"".
ANSWER_AS_TEXT: ""lleh"".",False,,MAJOR_ANSWER,,,
76,,"Take the last letters of each words in ""Salma Pj Gladis Monica"" and concatenate them.",ajsa,"COT: To solve this problem, we need to take the last letter of each word in the phrase ""Salma Pj Gladis Monica"" and then concatenate them together.

1. The last letter of ""Salma"" is ""a"".
2. The last letter of ""Pj"" is ""j"".
3. The last letter of ""Gladis"" is ""s"".
4. The last letter of ""Monica"" is ""a"".

Now, we concatenate these letters together: ""a"" + ""j"" + ""s"" + ""a"" = ""ajsa"".

Therefore, the concatenated result is ""ajsa"".
ANSWER_AS_TEXT: ajsa",True,,MAJOR_ANSWER,,,
77,,"Take the last letters of each words in ""Miranda Jacques Clarence Chandra"" and concatenate them.",asea,"COT: To solve the problem, we need to take the last letter of each word in the phrase ""Miranda Jacques Clarence Chandra"" and then concatenate them together.

1. The last letter of ""Miranda"" is ""a"".
2. The last letter of ""Jacques"" is ""s"".
3. The last letter of ""Clarence"" is ""e"".
4. The last letter of ""Chandra"" is ""a"".

Now, concatenate these letters together: ""a"", ""s"", ""e"", ""a"".

The final result is: ""asea"".
ANSWER_AS_TEXT: ""asea"".",False,,MAJOR_ANSWER,,,
78,,"Take the last letters of each words in ""Janice Shelly Arnulfo Nestor"" and concatenate them.",eyor,"COT: To solve the problem, we need to take the last letter of each word in the phrase ""Janice Shelly Arnulfo Nestor"" and concatenate them together.

1. The last letter of ""Janice"" is ""e"".
2. The last letter of ""Shelly"" is ""y"".
3. The last letter of ""Arnulfo"" is ""o"".
4. The last letter of ""Nestor"" is ""r"".

Now, we concatenate these letters together: ""e"", ""y"", ""o"", ""r"".

Therefore, the final result is ""eyor"".
ANSWER_AS_TEXT: eyor",True,,MAJOR_ANSWER,,,
79,,"Take the last letters of each words in ""Johan Damien Serena Grace"" and concatenate them.",nnae,"COT: To solve the problem, we need to take the last letter of each word in the phrase ""Johan Damien Serena Grace"" and then concatenate them together.

1. The last letter of ""Johan"" is ""n"".
2. The last letter of ""Damien"" is ""n"".
3. The last letter of ""Serena"" is ""a"".
4. The last letter of ""Grace"" is ""e"".

Now, we concatenate these letters together: ""nnae"".

Therefore, the final result is ""nnae"".
ANSWER_AS_TEXT: nnae",True,,MAJOR_ANSWER,,,
80,,"Take the last letters of each words in ""Arnold Aidan Ally Ami"" and concatenate them.",dnyi,"COT: To solve the problem, we need to take the last letter of each word in the phrase ""Arnold Aidan Ally Ami"" and concatenate them together.

1. The last letter of ""Arnold"" is ""d"".
2. The last letter of ""Aidan"" is ""n"".
3. The last letter of ""Ally"" is ""y"".
4. The last letter of ""Ami"" is ""i"".

Now, we concatenate these letters together: ""dnyi"".

Therefore, the final result is ""dnyi"".
ANSWER_AS_TEXT: dnyi",True,,MAJOR_ANSWER,,,
81,,"Take the last letters of each words in ""Rohan Antoinette Nikki Aida"" and concatenate them.",neia,"COT: To solve this problem, we need to take the last letter of each word in the phrase ""Rohan Antoinette Nikki Aida"" and then concatenate them together.

1. The last letter of ""Rohan"" is ""n"".
2. The last letter of ""Antoinette"" is ""e"".
3. The last letter of ""Nikki"" is ""i"".
4. The last letter of ""Aida"" is ""a"".

Now, we concatenate these letters together: ""n"" + ""e"" + ""i"" + ""a"" = ""neia"".

Therefore, the final result is ""neia"".
ANSWER_AS_TEXT: neia",True,,MAJOR_ANSWER,,,
82,,"Take the last letters of each words in ""Scotty Edgar Hanna Austin"" and concatenate them.",yran,"COT: To solve the problem, we need to take the last letter of each word in the phrase ""Scotty Edgar Hanna Austin"" and concatenate them together.

1. The last letter of ""Scotty"" is ""y"".
2. The last letter of ""Edgar"" is ""r"".
3. The last letter of ""Hanna"" is ""a"".
4. The last letter of ""Austin"" is ""n"".

Now, we concatenate these letters together: ""y"" + ""r"" + ""a"" + ""n"" = ""yran"".

Therefore, the final result is ""yran"".
ANSWER_AS_TEXT: yran",True,,MAJOR_ANSWER,,,
83,,"Take the last letters of each words in ""Katia Mina Cam Ronda"" and concatenate them.",aama,"COT: To solve this problem, we need to take the last letter of each word in the phrase ""Katia Mina Cam Ronda"" and then concatenate them together.

1. The last letter of ""Katia"" is ""a"".
2. The last letter of ""Mina"" is ""a"".
3. The last letter of ""Cam"" is ""m"".
4. The last letter of ""Ronda"" is ""a"".

Now, we concatenate these letters together: ""aama"".

Therefore, the final result is ""aama"".
ANSWER_AS_TEXT: aama",True,,MAJOR_ANSWER,,,
84,,"Take the last letters of each words in ""Kennedy Ginny Iliana Sky"" and concatenate them.",yyay,"COT: To solve the problem, we need to take the last letter of each word in the phrase ""Kennedy Ginny Iliana Sky"" and then concatenate them together.

1. The last letter of ""Kennedy"" is ""y"".
2. The last letter of ""Ginny"" is ""y"".
3. The last letter of ""Iliana"" is ""a"".
4. The last letter of ""Sky"" is ""y"".

Now, concatenate these letters together: ""yyaa"".

Therefore, the final result is ""yyaa"".
ANSWER_AS_TEXT: yyaa",False,,MAJOR_ANSWER,,,
85,,"Take the last letters of each words in ""Sophie Gregorio Avery Pooja"" and concatenate them.",eoya,"COT: To solve this problem, we need to take the last letter of each word in the phrase ""Sophie Gregorio Avery Pooja"" and then concatenate them together.

1. The last letter of ""Sophie"" is ""e"".
2. The last letter of ""Gregorio"" is ""o"".
3. The last letter of ""Avery"" is ""y"".
4. The last letter of ""Pooja"" is ""a"".

Now, we concatenate these letters together: ""e"", ""o"", ""y"", ""a"".

Therefore, the final result is ""eoya"".
ANSWER_AS_TEXT: eoya",True,,MAJOR_ANSWER,,,
86,,"Take the last letters of each words in ""Dave Ernesto Liam Marsha"" and concatenate them.",eoma,"COT: To solve the problem, we need to take the last letter of each word in the phrase ""Dave Ernesto Liam Marsha"" and concatenate them together.

1. The last letter of ""Dave"" is ""e"".
2. The last letter of ""Ernesto"" is ""o"".
3. The last letter of ""Liam"" is ""m"".
4. The last letter of ""Marsha"" is ""a"".

Now, we concatenate these letters together: ""eoma"".

Therefore, the final result is ""eoma"".
ANSWER_AS_TEXT: eoma",True,,MAJOR_ANSWER,,,
87,,"Take the last letters of each words in ""Kristine Van Marisol Preston"" and concatenate them.",enln,"COT: To solve the problem, we need to take the last letter of each word in the name ""Kristine Van Marisol Preston"" and concatenate them together.

1. The last letter of ""Kristine"" is ""e"".
2. The last letter of ""Van"" is ""n"".
3. The last letter of ""Marisol"" is ""l"".
4. The last letter of ""Preston"" is ""n"".

Now, concatenate these letters together: ""e"", ""n"", ""l"", ""n"".

The final result is: ""enln"".
ANSWER_AS_TEXT: ""enln"".",False,,MAJOR_ANSWER,,,
88,,"Take the last letters of each words in ""Alexa Pilar Rod Nicola"" and concatenate them.",arda,"COT: To solve the problem, we need to take the last letter of each word in the phrase ""Alexa Pilar Rod Nicola"" and then concatenate them together.

1. The last letter of ""Alexa"" is ""a"".
2. The last letter of ""Pilar"" is ""r"".
3. The last letter of ""Rod"" is ""d"".
4. The last letter of ""Nicola"" is ""a"".

Now, concatenate these letters together: ""a"" + ""r"" + ""d"" + ""a"" = ""arda"".

Therefore, the concatenated result is ""arda"".
ANSWER_AS_TEXT: ""arda"".",False,,MAJOR_ANSWER,,,
89,,"Take the last letters of each words in ""Todd Joni Gil Fran"" and concatenate them.",diln,"COT: To solve the problem, we need to take the last letter of each word in the phrase ""Todd Joni Gil Fran"" and then concatenate them together.

1. The last letter of ""Todd"" is ""d"".
2. The last letter of ""Joni"" is ""i"".
3. The last letter of ""Gil"" is ""l"".
4. The last letter of ""Fran"" is ""n"".

Now, concatenate these letters together: ""diln"".

Therefore, the final result is ""diln"".
ANSWER_AS_TEXT: ""diln"".",False,,MAJOR_ANSWER,,,
90,,"Take the last letters of each words in ""Yan Eunice Joseph Hugh"" and concatenate them.",nehh,"COT: To solve the problem, we need to take the last letter of each word in the phrase ""Yan Eunice Joseph Hugh"" and concatenate them together.

1. The last letter of ""Yan"" is ""n"".
2. The last letter of ""Eunice"" is ""e"".
3. The last letter of ""Joseph"" is ""h"".
4. The last letter of ""Hugh"" is ""h"".

Now, we concatenate these letters together: ""n"" + ""e"" + ""h"" + ""h"" = ""nehh"".

Therefore, the final result is ""nehh"".
ANSWER_AS_TEXT: nehh",True,,MAJOR_ANSWER,,,
91,,"Take the last letters of each words in ""Elizabeth Mitch Brooke Jordyn"" and concatenate them.",hhen,"COT: To solve this problem, we need to take the last letter of each word in the phrase ""Elizabeth Mitch Brooke Jordyn"" and concatenate them together.

1. The last letter of ""Elizabeth"" is ""h"".
2. The last letter of ""Mitch"" is ""h"".
3. The last letter of ""Brooke"" is ""e"".
4. The last letter of ""Jordyn"" is ""n"".

Now, we concatenate these letters together: ""hhen"".

Therefore, the final result is ""hhen"".
ANSWER_AS_TEXT: hhen",True,,MAJOR_ANSWER,,,
92,,"Take the last letters of each words in ""Bailey Lourdes Brianna Martín"" and concatenate them.",ysan,"COT: To solve the problem, we need to take the last letter of each word in the phrase ""Bailey Lourdes Brianna Martín"" and then concatenate them together.

1. The last letter of ""Bailey"" is ""y"".
2. The last letter of ""Lourdes"" is ""s"".
3. The last letter of ""Brianna"" is ""a"".
4. The last letter of ""Martín"" is ""n"".

Now, we concatenate these letters together: ""y"", ""s"", ""a"", ""n"".

Therefore, the final result is ""ysan"".
ANSWER_AS_TEXT: ysan",True,,MAJOR_ANSWER,,,
93,,"Take the last letters of each words in ""Wally Claire Helen Nacho"" and concatenate them.",yeno,"COT: To solve the problem, we need to take the last letter of each word in the phrase ""Wally Claire Helen Nacho"" and then concatenate them together.

1. The last letter of ""Wally"" is ""y"".
2. The last letter of ""Claire"" is ""e"".
3. The last letter of ""Helen"" is ""n"".
4. The last letter of ""Nacho"" is ""o"".

Now, we concatenate these letters together: ""y"", ""e"", ""n"", ""o"".

Therefore, the final result is ""yeno"".
ANSWER_AS_TEXT: yeno",True,,MAJOR_ANSWER,,,
94,,"Take the last letters of each words in ""Cat Alisha Ramon Norberto"" and concatenate them.",tano,"COT: To solve the problem, we need to take the last letter of each word in the phrase ""Cat Alisha Ramon Norberto"" and then concatenate them together.

1. The last letter of ""Cat"" is ""t"".
2. The last letter of ""Alisha"" is ""a"".
3. The last letter of ""Ramon"" is ""n"".
4. The last letter of ""Norberto"" is ""o"".

Now, we concatenate these letters together: ""t"" + ""a"" + ""n"" + ""o"" = ""tano"".

Therefore, the concatenated result is ""tano"".
ANSWER_AS_TEXT: tano",True,,MAJOR_ANSWER,,,
95,,"Take the last letters of each words in ""Miguel Angel Saul Brady Darryl"" and concatenate them.",llyl,"COT: To solve this problem, we need to take the last letter of each word in the given phrase ""Miguel Angel Saul Brady Darryl"" and concatenate them together.

1. The last letter of ""Miguel"" is ""l"".
2. The last letter of ""Angel"" is ""l"".
3. The last letter of ""Saul"" is ""l"".
4. The last letter of ""Brady"" is ""y"".
5. The last letter of ""Darryl"" is ""l"".

Now, we concatenate these letters together: ""llyyl"".

Therefore, the final result is ""llyyl"".
ANSWER_AS_TEXT: llyyl",False,,MAJOR_ANSWER,,,
96,,"Take the last letters of each words in ""Debi Raymond Luis Federico"" and concatenate them.",idso,"COT: To solve this problem, we need to take the last letter of each word in the phrase ""Debi Raymond Luis Federico"" and then concatenate them together.

1. The last letter of ""Debi"" is ""i"".
2. The last letter of ""Raymond"" is ""d"".
3. The last letter of ""Luis"" is ""s"".
4. The last letter of ""Federico"" is ""o"".

Now, we concatenate these letters together: ""i"" + ""d"" + ""s"" + ""o"" = ""idso"".

Therefore, the concatenated result is ""idso"".
ANSWER_AS_TEXT: idso",True,,MAJOR_ANSWER,,,
97,,"Take the last letters of each words in ""Denny Carlo Reinaldo Jessi"" and concatenate them.",yooi,"COT: To solve this problem, we need to take the last letter of each word in the phrase ""Denny Carlo Reinaldo Jessi"" and then concatenate them together.

1. The last letter of ""Denny"" is ""y"".
2. The last letter of ""Carlo"" is ""o"".
3. The last letter of ""Reinaldo"" is ""o"".
4. The last letter of ""Jessi"" is ""i"".

Now, we concatenate these letters together: ""y"" + ""o"" + ""o"" + ""i"" = ""yooi"".

Therefore, the final result is ""yooi"".
ANSWER_AS_TEXT: yooi",True,,MAJOR_ANSWER,,,
98,,"Take the last letters of each words in ""Yvonne Rafaela Jb Salomon"" and concatenate them.",eabn,"COT: To solve the problem, we need to take the last letter of each word in the phrase ""Yvonne Rafaela Jb Salomon"" and concatenate them together.

1. The last letter of ""Yvonne"" is ""e"".
2. The last letter of ""Rafaela"" is ""a"".
3. The last letter of ""Jb"" is ""b"".
4. The last letter of ""Salomon"" is ""n"".

Now, concatenate these letters together: ""eabn"".

Therefore, the final result is ""eabn"".
ANSWER_AS_TEXT: eabn",True,,MAJOR_ANSWER,,,
99,,"Take the last letters of each words in ""Agnes Adrienne Haley Riley"" and concatenate them.",seyy,"COT: To solve the problem, we need to take the last letter of each word in the phrase ""Agnes Adrienne Haley Riley"" and concatenate them together.

1. The last letter of ""Agnes"" is ""s"".
2. The last letter of ""Adrienne"" is ""e"".
3. The last letter of ""Haley"" is ""y"".
4. The last letter of ""Riley"" is ""y"".

Now, concatenate these letters together: ""s"", ""e"", ""y"", ""y"".

The final result is: ""seyy"".
ANSWER_AS_TEXT: ""seyy"".",False,,MAJOR_ANSWER,,,
100,,"Take the last letters of each words in ""Oscar George Sanjay Haydee"" and concatenate them.",reye,"COT: To solve the problem, we need to take the last letter of each word in the phrase ""Oscar George Sanjay Haydee"" and concatenate them together.

1. The last letter of ""Oscar"" is ""r"".
2. The last letter of ""George"" is ""e"".
3. The last letter of ""Sanjay"" is ""y"".
4. The last letter of ""Haydee"" is ""e"".

Now, concatenate these letters together: ""r"" + ""e"" + ""y"" + ""e"" = ""reye"".

Therefore, the concatenated result is ""reye"".
ANSWER_AS_TEXT: ""reye"".",False,,MAJOR_ANSWER,,,
101,,"Take the last letters of each words in ""Eugenio Moises Marion Kirk"" and concatenate them.",osnk,"COT: To solve the problem, we need to take the last letter of each word in the phrase ""Eugenio Moises Marion Kirk"" and concatenate them together.

1. The last letter of ""Eugenio"" is ""o"".
2. The last letter of ""Moises"" is ""s"".
3. The last letter of ""Marion"" is ""n"".
4. The last letter of ""Kirk"" is ""k"".

Now, concatenate these letters together: ""o"", ""s"", ""n"", ""k"".

The final result is: ""osnk"".
ANSWER_AS_TEXT: ""osnk"".",False,,MAJOR_ANSWER,,,
102,,"Take the last letters of each words in ""Lara Greg Ethan Terrence"" and concatenate them.",agne,"COT: To solve the problem, we need to take the last letter of each word in the phrase ""Lara Greg Ethan Terrence"" and then concatenate them together.

1. The last letter of ""Lara"" is ""a"".
2. The last letter of ""Greg"" is ""g"".
3. The last letter of ""Ethan"" is ""n"".
4. The last letter of ""Terrence"" is ""e"".

Now, we concatenate these letters together: ""a"" + ""g"" + ""n"" + ""e"" = ""agne"".

Therefore, the concatenated result is ""agne"".
ANSWER_AS_TEXT: agne",True,,MAJOR_ANSWER,,,
103,,"Take the last letters of each words in ""Charity Svetlana Jamie Jose A"" and concatenate them.",yaeA,"COT: To solve the problem, we need to take the last letter of each word in the phrase ""Charity Svetlana Jamie Jose A"" and concatenate them together.

1. The last letter of ""Charity"" is ""y"".
2. The last letter of ""Svetlana"" is ""a"".
3. The last letter of ""Jamie"" is ""e"".
4. The last letter of ""Jose"" is ""e"".
5. The last letter of ""A"" is ""A"".

Now, we concatenate these letters: ""y"", ""a"", ""e"", ""e"", ""A"".

The result is: ""yaeeA"".
ANSWER_AS_TEXT: ""yaeeA"".",False,,MAJOR_ANSWER,,,
104,,"Take the last letters of each words in ""Tristan Marleny Santiago Viviana"" and concatenate them.",nyoa,"COT: To solve this problem, we need to take the last letter of each word in the phrase ""Tristan Marleny Santiago Viviana"" and then concatenate them together.

1. The last letter of ""Tristan"" is ""n"".
2. The last letter of ""Marleny"" is ""y"".
3. The last letter of ""Santiago"" is ""o"".
4. The last letter of ""Viviana"" is ""a"".

Now, we concatenate these letters together: ""n"" + ""y"" + ""o"" + ""a"" = ""nyoa"".

Therefore, the final result is ""nyoa"".
ANSWER_AS_TEXT: nyoa",True,,MAJOR_ANSWER,,,
105,,"Take the last letters of each words in ""Theo Sheila Mariana Esmeralda"" and concatenate them.",oaaa,"COT: To solve this problem, we need to take the last letter of each word in the phrase ""Theo Sheila Mariana Esmeralda"" and concatenate them together.

1. The last letter of ""Theo"" is ""o"".
2. The last letter of ""Sheila"" is ""a"".
3. The last letter of ""Mariana"" is ""a"".
4. The last letter of ""Esmeralda"" is ""a"".

Now, we concatenate these letters together: ""oaaa"".

Therefore, the final result is ""oaaa"".
ANSWER_AS_TEXT: oaaa",True,,MAJOR_ANSWER,,,
106,,"Take the last letters of each words in ""Tucker Daniel Hernandez Alison"" and concatenate them.",rlzn,"COT: To solve the problem, we need to take the last letter of each word in the phrase ""Tucker Daniel Hernandez Alison"" and concatenate them together.

1. The last letter of ""Tucker"" is ""r"".
2. The last letter of ""Daniel"" is ""l"".
3. The last letter of ""Hernandez"" is ""z"".
4. The last letter of ""Alison"" is ""n"".

Now, we concatenate these letters together: ""r"" + ""l"" + ""z"" + ""n"" = ""rlzn"".

Therefore, the concatenated result is ""rlzn"".
ANSWER_AS_TEXT: ""rlzn"".",False,,MAJOR_ANSWER,,,
107,,"Take the last letters of each words in ""Charmaine Vic Homero Jeanine"" and concatenate them.",ecoe,"COT: To solve the problem, we need to take the last letter of each word in the phrase ""Charmaine Vic Homero Jeanine"" and concatenate them together.

1. The last letter of ""Charmaine"" is ""e"".
2. The last letter of ""Vic"" is ""c"".
3. The last letter of ""Homero"" is ""o"".
4. The last letter of ""Jeanine"" is ""e"".

Now, we concatenate these letters together: ""e"", ""c"", ""o"", ""e"".

Therefore, the final result is ""ecoe"".
ANSWER_AS_TEXT: ""ecoe"".",False,,MAJOR_ANSWER,,,
108,,"Take the last letters of each words in ""Dan Ruth Xavier Isidro"" and concatenate them.",nhro,"COT: To solve the problem, we need to take the last letter of each word in the phrase ""Dan Ruth Xavier Isidro"" and then concatenate them together.

1. The last letter of ""Dan"" is ""n"".
2. The last letter of ""Ruth"" is ""h"".
3. The last letter of ""Xavier"" is ""r"".
4. The last letter of ""Isidro"" is ""o"".

Now, we concatenate these letters together: ""n"" + ""h"" + ""r"" + ""o"" = ""nhro"".

Therefore, the final answer is ""nhro"".
ANSWER_AS_TEXT: nhro",True,,MAJOR_ANSWER,,,
109,,"Take the last letters of each words in ""Amparo Gianna Dion Tessa"" and concatenate them.",oana,"COT: To solve this problem, we need to take the last letter of each word in the phrase ""Amparo Gianna Dion Tessa"" and then concatenate them together.

1. The last letter of ""Amparo"" is ""o"".
2. The last letter of ""Gianna"" is ""a"".
3. The last letter of ""Dion"" is ""n"".
4. The last letter of ""Tessa"" is ""a"".

Now, we concatenate these letters together: ""oana"".

Therefore, the final result is ""oana"".
ANSWER_AS_TEXT: oana",True,,MAJOR_ANSWER,,,
110,,"Take the last letters of each words in ""Boris Sabina Kaitlyn Cameron"" and concatenate them.",sann,"COT: To solve this problem, we need to take the last letter of each word in the phrase ""Boris Sabina Kaitlyn Cameron"" and then concatenate them together.

1. The last letter of ""Boris"" is ""s"".
2. The last letter of ""Sabina"" is ""a"".
3. The last letter of ""Kaitlyn"" is ""n"".
4. The last letter of ""Cameron"" is ""n"".

Now, we concatenate these letters together: ""s"", ""a"", ""n"", ""n"".

Therefore, the final result is ""sann"".
ANSWER_AS_TEXT: sann",True,,MAJOR_ANSWER,,,
111,,"Take the last letters of each words in ""Bill Santos Roxy Randi"" and concatenate them.",lsyi,"COT: To solve this problem, we need to take the last letter of each word in the phrase ""Bill Santos Roxy Randi"" and then concatenate them together.

1. The last letter of ""Bill"" is ""l"".
2. The last letter of ""Santos"" is ""s"".
3. The last letter of ""Roxy"" is ""y"".
4. The last letter of ""Randi"" is ""i"".

Now, we concatenate these letters together: ""l"" + ""s"" + ""y"" + ""i"" = ""lsyi"".

Therefore, the final result is ""lsyi"".
ANSWER_AS_TEXT: lsyi",True,,MAJOR_ANSWER,,,
112,,"Take the last letters of each words in ""Silvia Carolina Stan Chuck"" and concatenate them.",aank,"COT: To solve the problem, we need to take the last letter of each word in the phrase ""Silvia Carolina Stan Chuck"" and concatenate them together.

1. The last letter of ""Silvia"" is ""a"".
2. The last letter of ""Carolina"" is ""a"".
3. The last letter of ""Stan"" is ""n"".
4. The last letter of ""Chuck"" is ""k"".

Now, we concatenate these letters together: ""aank"".

Therefore, the final result is ""aank"".
ANSWER_AS_TEXT: ""aank"".",False,,MAJOR_ANSWER,,,
113,,"Take the last letters of each words in ""Larissa Shawna Alma Paulette"" and concatenate them.",aaae,"COT: To solve this problem, we need to take the last letter of each word in the phrase ""Larissa Shawna Alma Paulette"" and then concatenate them together.

1. The last letter of ""Larissa"" is ""a"".
2. The last letter of ""Shawna"" is ""a"".
3. The last letter of ""Alma"" is ""a"".
4. The last letter of ""Paulette"" is ""e"".

Now, we concatenate these letters together: ""a"" + ""a"" + ""a"" + ""e"" = ""aaae"".

Therefore, the final result is ""aaae"".
ANSWER_AS_TEXT: ""aaae"".",False,,MAJOR_ANSWER,,,
114,,"Take the last letters of each words in ""Delia Kathleen Mateo Marvin"" and concatenate them.",anon,"COT: To solve this problem, we need to take the last letter of each word in the phrase ""Delia Kathleen Mateo Marvin"" and concatenate them together.

1. The last letter of ""Delia"" is ""a"".
2. The last letter of ""Kathleen"" is ""n"".
3. The last letter of ""Mateo"" is ""o"".
4. The last letter of ""Marvin"" is ""n"".

Now, we concatenate these letters together: ""a"", ""n"", ""o"", ""n"".

Therefore, the final result is ""anon"".
ANSWER_AS_TEXT: ""anon"".",False,,MAJOR_ANSWER,,,
115,,"Take the last letters of each words in ""Cristian Nik Gwen Josiah"" and concatenate them.",nknh,"COT: To solve this problem, we need to take the last letter of each word in the phrase ""Cristian Nik Gwen Josiah"" and then concatenate them together.

1. The last letter of ""Cristian"" is ""n"".
2. The last letter of ""Nik"" is ""k"".
3. The last letter of ""Gwen"" is ""n"".
4. The last letter of ""Josiah"" is ""h"".

Now, we concatenate these letters together: ""nknh"".

Therefore, the final result is ""nknh"".
ANSWER_AS_TEXT: nknh",True,,MAJOR_ANSWER,,,
116,,"Take the last letters of each words in ""Lalo Yolanda Elida Ester"" and concatenate them.",oaar,"COT: To solve the problem, we need to take the last letter of each word in the phrase ""Lalo Yolanda Elida Ester"" and concatenate them together.

1. The last letter of ""Lalo"" is ""o"".
2. The last letter of ""Yolanda"" is ""a"".
3. The last letter of ""Elida"" is ""a"".
4. The last letter of ""Ester"" is ""r"".

Now, concatenate these letters together: ""oaar"".

Therefore, the final result is ""oaar"".
ANSWER_AS_TEXT: oaar",True,,MAJOR_ANSWER,,,
117,,"Take the last letters of each words in ""Tere Niko Keith Conner"" and concatenate them.",eohr,"COT: To solve this problem, we need to take the last letter of each word in the phrase ""Tere Niko Keith Conner"" and then concatenate them together.

1. The last letter of ""Tere"" is ""e"".
2. The last letter of ""Niko"" is ""o"".
3. The last letter of ""Keith"" is ""h"".
4. The last letter of ""Conner"" is ""r"".

Now, we concatenate these letters together: ""e"" + ""o"" + ""h"" + ""r"" = ""eohr"".

Therefore, the concatenated result is ""eohr"".
ANSWER_AS_TEXT: ""eohr"".",False,,MAJOR_ANSWER,,,
118,,"Take the last letters of each words in ""Blake Hunter Lou Spencer"" and concatenate them.",erur,"COT: To solve the problem, we need to take the last letter of each word in the phrase ""Blake Hunter Lou Spencer"" and concatenate them together.

1. The last letter of ""Blake"" is ""e"".
2. The last letter of ""Hunter"" is ""r"".
3. The last letter of ""Lou"" is ""u"".
4. The last letter of ""Spencer"" is ""r"".

Now, we concatenate these letters together: ""e"", ""r"", ""u"", ""r"".

Therefore, the final result is ""erur"".
ANSWER_AS_TEXT: ""erur"".",False,,MAJOR_ANSWER,,,
119,,"Take the last letters of each words in ""Deon Lane Everett Lindsay"" and concatenate them.",nety,"COT: To solve this problem, we need to take the last letter of each word in the phrase ""Deon Lane Everett Lindsay"" and concatenate them together.

1. The last letter of ""Deon"" is ""n"".
2. The last letter of ""Lane"" is ""e"".
3. The last letter of ""Everett"" is ""t"".
4. The last letter of ""Lindsay"" is ""y"".

Now, we concatenate these letters together: ""n"" + ""e"" + ""t"" + ""y"" = ""nety"".

Therefore, the concatenated result is ""nety"".
ANSWER_AS_TEXT: ""nety"".",False,,MAJOR_ANSWER,,,
120,,"Take the last letters of each words in ""Marco Antonio Suzette Roland Isabel"" and concatenate them.",oedl,"COT: To solve this problem, we need to take the last letter of each word in the given phrase ""Marco Antonio Suzette Roland Isabel"" and then concatenate them together.

1. The last letter of ""Marco"" is ""o"".
2. The last letter of ""Antonio"" is ""o"".
3. The last letter of ""Suzette"" is ""e"".
4. The last letter of ""Roland"" is ""d"".
5. The last letter of ""Isabel"" is ""l"".

Now, we concatenate these letters together: ""o"" + ""o"" + ""e"" + ""d"" + ""l"" = ""ooedl"".

Therefore, the final result is ""ooedl"".
ANSWER_AS_TEXT: ooedl",False,,MAJOR_ANSWER,,,
121,,"Take the last letters of each words in ""Corey Elvin Tino Melvin"" and concatenate them.",ynon,"COT: To solve the problem, we need to take the last letter of each word in the phrase ""Corey Elvin Tino Melvin"" and concatenate them together.

1. The last letter of ""Corey"" is ""y"".
2. The last letter of ""Elvin"" is ""n"".
3. The last letter of ""Tino"" is ""o"".
4. The last letter of ""Melvin"" is ""n"".

Now, concatenate these letters together: ""y"", ""n"", ""o"", ""n"".

The final result is ""ynon"".
ANSWER_AS_TEXT: ynon",True,,MAJOR_ANSWER,,,
122,,"Take the last letters of each words in ""Darwin Colin Cj Abhishek"" and concatenate them.",nnjk,"COT: To solve this problem, we need to take the last letter of each word in the phrase ""Darwin Colin Cj Abhishek"" and then concatenate them together.

1. The last letter of ""Darwin"" is ""n"".
2. The last letter of ""Colin"" is ""n"".
3. The last letter of ""Cj"" is ""j"".
4. The last letter of ""Abhishek"" is ""k"".

Now, we concatenate these letters together: ""n"", ""n"", ""j"", ""k"".

Therefore, the final result is ""nnjk"".
ANSWER_AS_TEXT: nnjk",True,,MAJOR_ANSWER,,,
123,,"Take the last letters of each words in ""Mario Pierre Amit Nelson"" and concatenate them.",oetn,"COT: To solve the problem, we need to take the last letter of each word in the phrase ""Mario Pierre Amit Nelson"" and then concatenate them together.

1. The last letter of ""Mario"" is ""o"".
2. The last letter of ""Pierre"" is ""e"".
3. The last letter of ""Amit"" is ""t"".
4. The last letter of ""Nelson"" is ""n"".

Now, we concatenate these letters together: ""oetn"".

Therefore, the final result is ""oetn"".
ANSWER_AS_TEXT: oetn",True,,MAJOR_ANSWER,,,
124,,"Take the last letters of each words in ""April Molly Maurice Jaclyn"" and concatenate them.",lyen,"COT: To solve this problem, we need to take the last letter of each word in the phrase ""April Molly Maurice Jaclyn"" and then concatenate them together.

1. The last letter of ""April"" is ""l"".
2. The last letter of ""Molly"" is ""y"".
3. The last letter of ""Maurice"" is ""e"".
4. The last letter of ""Jaclyn"" is ""n"".

Now, we concatenate these letters together: ""l"" + ""y"" + ""e"" + ""n"" = ""lyen"".

Therefore, the concatenated result is ""lyen"".
ANSWER_AS_TEXT: lyen",True,,MAJOR_ANSWER,,,
125,,"Take the last letters of each words in ""Edwin Lovely Curt Damon"" and concatenate them.",nytn,"COT: To solve the problem, we need to take the last letter of each word in the phrase ""Edwin Lovely Curt Damon"" and concatenate them together.

1. The last letter of ""Edwin"" is ""n"".
2. The last letter of ""Lovely"" is ""y"".
3. The last letter of ""Curt"" is ""t"".
4. The last letter of ""Damon"" is ""n"".

Now, concatenate these letters together: ""n"" + ""y"" + ""t"" + ""n"" = ""nytn"".

Therefore, the final result is ""nytn"".
ANSWER_AS_TEXT: nytn",True,,MAJOR_ANSWER,,,
126,,"Take the last letters of each words in ""Beatriz Gillian Coco Vivian"" and concatenate them.",znon,"COT: To solve this problem, we need to take the last letter of each word in the phrase ""Beatriz Gillian Coco Vivian"" and then concatenate them together.

1. The last letter of ""Beatriz"" is ""z"".
2. The last letter of ""Gillian"" is ""n"".
3. The last letter of ""Coco"" is ""o"".
4. The last letter of ""Vivian"" is ""n"".

Now, we concatenate these letters together: ""z"", ""n"", ""o"", ""n"".

Therefore, the final result is ""znon"".
ANSWER_AS_TEXT: znon",True,,MAJOR_ANSWER,,,
127,,"Take the last letters of each words in ""Cristobal Dania Li Anna"" and concatenate them.",laia,"COT: To solve the problem, we need to take the last letter of each word in the phrase ""Cristobal Dania Li Anna"" and concatenate them together.

1. The last letter of ""Cristobal"" is ""l"".
2. The last letter of ""Dania"" is ""a"".
3. The last letter of ""Li"" is ""i"".
4. The last letter of ""Anna"" is ""a"".

Now, concatenate these letters together: ""l"" + ""a"" + ""i"" + ""a"" = ""laia"".

Therefore, the concatenated result is ""laia"".
ANSWER_AS_TEXT: ""laia"".",False,,MAJOR_ANSWER,,,
128,,"Take the last letters of each words in ""Noah Aubrey Cesar Eliana"" and concatenate them.",hyra,"COT: To solve the problem, we need to take the last letter of each word in the phrase ""Noah Aubrey Cesar Eliana"" and concatenate them together.

1. The last letter of ""Noah"" is ""h"".
2. The last letter of ""Aubrey"" is ""y"".
3. The last letter of ""Cesar"" is ""r"".
4. The last letter of ""Eliana"" is ""a"".

Now, concatenate these letters together: ""h"" + ""y"" + ""r"" + ""a"" = ""hyra"".

Therefore, the concatenated result is ""hyra"".
ANSWER_AS_TEXT: hyra",True,,MAJOR_ANSWER,,,
129,,"Take the last letters of each words in ""Sid Isabelle Jackson Heidy"" and concatenate them.",deny,"COT: To solve the problem, we need to take the last letter of each word in the phrase ""Sid Isabelle Jackson Heidy"" and concatenate them together.

1. The last letter of ""Sid"" is ""d"".
2. The last letter of ""Isabelle"" is ""e"".
3. The last letter of ""Jackson"" is ""n"".
4. The last letter of ""Heidy"" is ""y"".

Now, we concatenate these letters together: ""d"", ""e"", ""n"", ""y"".

Therefore, the final result is ""deny"".
ANSWER_AS_TEXT: ""deny"".",False,,MAJOR_ANSWER,,,
130,,"Take the last letters of each words in ""Dalila Emily Casey Clifford"" and concatenate them.",ayyd,"COT: To solve this problem, we need to take the last letter of each word in the phrase ""Dalila Emily Casey Clifford"" and then concatenate them together.

1. The last letter of ""Dalila"" is ""a"".
2. The last letter of ""Emily"" is ""y"".
3. The last letter of ""Casey"" is ""y"".
4. The last letter of ""Clifford"" is ""d"".

Now, we concatenate these letters together: ""a"", ""y"", ""y"", ""d"".

Therefore, the final result is ""ayyd"".
ANSWER_AS_TEXT: ayyd",True,,MAJOR_ANSWER,,,
131,,"Take the last letters of each words in ""Isela Leslie Stacy Ingrid"" and concatenate them.",aeyd,"COT: To solve the problem, we need to take the last letter of each word in the phrase ""Isela Leslie Stacy Ingrid"" and then concatenate them together.

1. The last letter of ""Isela"" is ""a"".
2. The last letter of ""Leslie"" is ""e"".
3. The last letter of ""Stacy"" is ""y"".
4. The last letter of ""Ingrid"" is ""d"".

Now, concatenate these letters together: ""aeyd"".

Therefore, the final result is ""aeyd"".
ANSWER_AS_TEXT: ""aeyd"".",False,,MAJOR_ANSWER,,,
132,,"Take the last letters of each words in ""Jae Dennis Cris Bernadette"" and concatenate them.",esse,"COT: To solve the problem, we need to take the last letter of each word in the phrase ""Jae Dennis Cris Bernadette"" and concatenate them together.

1. The last letter of ""Jae"" is ""e"".
2. The last letter of ""Dennis"" is ""s"".
3. The last letter of ""Cris"" is ""s"".
4. The last letter of ""Bernadette"" is ""e"".

Now, we concatenate these letters together: ""e"", ""s"", ""s"", ""e"".

Therefore, the final result is ""esse"".
ANSWER_AS_TEXT: ""esse"".",False,,MAJOR_ANSWER,,,
133,,"Take the last letters of each words in ""Hank Janine Frankie Isa"" and concatenate them.",keea,"COT: To solve the problem, we need to take the last letter of each word in the phrase ""Hank Janine Frankie Isa"" and concatenate them together.

1. The last letter of ""Hank"" is ""k"".
2. The last letter of ""Janine"" is ""e"".
3. The last letter of ""Frankie"" is ""e"".
4. The last letter of ""Isa"" is ""a"".

Now, we concatenate these letters together: ""k"", ""e"", ""e"", ""a"".

Therefore, the final result is ""keea"".
ANSWER_AS_TEXT: ""keea"".",False,,MAJOR_ANSWER,,,
134,,"Take the last letters of each words in ""Lesley Luna Nadia Adriana"" and concatenate them.",yaaa,"COT: To solve the problem, we need to take the last letter of each word in the phrase ""Lesley Luna Nadia Adriana"" and concatenate them together.

1. The last letter of ""Lesley"" is ""y"".
2. The last letter of ""Luna"" is ""a"".
3. The last letter of ""Nadia"" is ""a"".
4. The last letter of ""Adriana"" is ""a"".

Now, concatenate these letters together: ""y"" + ""a"" + ""a"" + ""a"" = ""yaaa"".

Therefore, the concatenated result is ""yaaa"".
ANSWER_AS_TEXT: ""yaaa"".",False,,MAJOR_ANSWER,,,
135,,"Take the last letters of each words in ""Bethany Rakesh Christine Dinesh"" and concatenate them.",yheh,"COT: To solve the problem, we need to take the last letter of each word in the phrase ""Bethany Rakesh Christine Dinesh"" and concatenate them together.

1. The last letter of ""Bethany"" is ""y"".
2. The last letter of ""Rakesh"" is ""h"".
3. The last letter of ""Christine"" is ""e"".
4. The last letter of ""Dinesh"" is ""h"".

Now, concatenate these letters together: ""y"", ""h"", ""e"", ""h"".

Therefore, the final result is ""yheh"".
ANSWER_AS_TEXT: yheh",True,,MAJOR_ANSWER,,,
136,,"Take the last letters of each words in ""Skylar Chrissy Misty Kike"" and concatenate them.",ryye,"COT: To solve the problem, we need to take the last letter of each word in the phrase ""Skylar Chrissy Misty Kike"" and then concatenate them together.

1. The last letter of ""Skylar"" is ""r"".
2. The last letter of ""Chrissy"" is ""y"".
3. The last letter of ""Misty"" is ""y"".
4. The last letter of ""Kike"" is ""e"".

Now, concatenate these letters together: ""r"" + ""y"" + ""y"" + ""e"" = ""ryye"".

Therefore, the concatenated result is ""ryye"".
ANSWER_AS_TEXT: ryye",True,,MAJOR_ANSWER,,,
137,,"Take the last letters of each words in ""Rosario Manoj Adolfo Reina"" and concatenate them.",ojoa,"COT: To solve the problem, we need to take the last letter of each word in the phrase ""Rosario Manoj Adolfo Reina"" and concatenate them together.

1. The last letter of ""Rosario"" is ""o"".
2. The last letter of ""Manoj"" is ""j"".
3. The last letter of ""Adolfo"" is ""o"".
4. The last letter of ""Reina"" is ""a"".

Now, concatenate these letters together: ""o"", ""j"", ""o"", ""a"".

Therefore, the final result is ""ojoa"".
ANSWER_AS_TEXT: ojoa",True,,MAJOR_ANSWER,,,
138,,"Take the last letters of each words in ""Christina Edna Ileana Lynette"" and concatenate them.",aaae,"COT: To solve the problem, we need to take the last letter of each word in the phrase ""Christina Edna Ileana Lynette"" and concatenate them together.

1. The last letter of ""Christina"" is ""a"".
2. The last letter of ""Edna"" is ""a"".
3. The last letter of ""Ileana"" is ""a"".
4. The last letter of ""Lynette"" is ""e"".

Now, we concatenate these letters together: ""a"" + ""a"" + ""a"" + ""e"" = ""aaae"".

Therefore, the final result is ""aaae"".
ANSWER_AS_TEXT: aaae",True,,MAJOR_ANSWER,,,
139,,"Take the last letters of each words in ""Emanuel Cheyenne Perez Yvette"" and concatenate them.",leze,"COT: To solve the problem, we need to take the last letter of each word in the phrase ""Emanuel Cheyenne Perez Yvette"" and concatenate them together.

1. The last letter of ""Emanuel"" is ""l"".
2. The last letter of ""Cheyenne"" is ""e"".
3. The last letter of ""Perez"" is ""z"".
4. The last letter of ""Yvette"" is ""e"".

Now, concatenate these letters together: ""l"" + ""e"" + ""z"" + ""e"" = ""leze"".

Therefore, the concatenated result is ""leze"".
ANSWER_AS_TEXT: leze",True,,MAJOR_ANSWER,,,
140,,"Take the last letters of each words in ""Yessenia Geraldine Minerva Tanya"" and concatenate them.",aeaa,"COT: To solve this problem, we need to take the last letter of each word in the phrase ""Yessenia Geraldine Minerva Tanya"" and then concatenate them together.

1. The last letter of ""Yessenia"" is ""a"".
2. The last letter of ""Geraldine"" is ""e"".
3. The last letter of ""Minerva"" is ""a"".
4. The last letter of ""Tanya"" is ""a"".

Now, we concatenate these letters together: ""a"", ""e"", ""a"", ""a"".

Therefore, the final result is ""aeaa"".
ANSWER_AS_TEXT: ""aeaa"".",False,,MAJOR_ANSWER,,,
141,,"Take the last letters of each words in ""Jr Meredith Zoe Robby"" and concatenate them.",rhey,"COT: To solve the problem, we need to take the last letter of each word in the phrase ""Jr Meredith Zoe Robby"" and concatenate them together.

1. The last letter of ""Jr"" is ""r"".
2. The last letter of ""Meredith"" is ""h"".
3. The last letter of ""Zoe"" is ""e"".
4. The last letter of ""Robby"" is ""y"".

Now, concatenate these letters together: ""rhey"".

Therefore, the final answer is ""rhey"".
ANSWER_AS_TEXT: rhey",True,,MAJOR_ANSWER,,,
142,,"Take the last letters of each words in ""Michel Roy Sergey Jessie"" and concatenate them.",lyye,"COT: To solve this problem, we need to take the last letter of each word in the phrase ""Michel Roy Sergey Jessie"" and then concatenate them together.

1. The last letter of ""Michel"" is ""l"".
2. The last letter of ""Roy"" is ""y"".
3. The last letter of ""Sergey"" is ""y"".
4. The last letter of ""Jessie"" is ""e"".

Now, we concatenate these letters together: ""l"", ""y"", ""y"", ""e"".

Therefore, the final result is ""lyye"".
ANSWER_AS_TEXT: lyye",True,,MAJOR_ANSWER,,,
143,,"Take the last letters of each words in ""Noelle Byron Jane Darin"" and concatenate them.",enen,"COT: To solve this problem, we need to take the last letter of each word in the phrase ""Noelle Byron Jane Darin"" and concatenate them together.

1. The last letter of ""Noelle"" is ""e"".
2. The last letter of ""Byron"" is ""n"".
3. The last letter of ""Jane"" is ""e"".
4. The last letter of ""Darin"" is ""n"".

Now, concatenate these letters together: ""e"", ""n"", ""e"", ""n"".

The final result is ""enen"".
ANSWER_AS_TEXT: enen",True,,MAJOR_ANSWER,,,
144,,"Take the last letters of each words in ""Hayden Maya Zack Roberto"" and concatenate them.",nako,"COT: To solve the problem, we need to take the last letter of each word in the phrase ""Hayden Maya Zack Roberto"" and then concatenate them together.

1. The last letter of ""Hayden"" is ""n"".
2. The last letter of ""Maya"" is ""a"".
3. The last letter of ""Zack"" is ""k"".
4. The last letter of ""Roberto"" is ""o"".

Now, we concatenate these letters together: ""n"" + ""a"" + ""k"" + ""o"" = ""nako"".

Therefore, the final result is ""nako"".
ANSWER_AS_TEXT: nako",True,,MAJOR_ANSWER,,,
145,,"Take the last letters of each words in ""Kristi Eduardo Angelo Clare"" and concatenate them.",iooe,"COT: To solve the problem, we need to take the last letter of each word in the phrase ""Kristi Eduardo Angelo Clare"" and concatenate them together.

1. The last letter of ""Kristi"" is ""i"".
2. The last letter of ""Eduardo"" is ""o"".
3. The last letter of ""Angelo"" is ""o"".
4. The last letter of ""Clare"" is ""e"".

Now, we concatenate these letters together: ""i"" + ""o"" + ""o"" + ""e"".

Therefore, the final result is ""iooe"".
ANSWER_AS_TEXT: ""iooe"".",False,,MAJOR_ANSWER,,,
146,,"Take the last letters of each words in ""Dino Toby Abigail Manuela"" and concatenate them.",oyla,"COT: To solve this problem, we need to take the last letter of each word in the phrase ""Dino Toby Abigail Manuela"" and then concatenate them together.

1. The last letter of ""Dino"" is ""o"".
2. The last letter of ""Toby"" is ""y"".
3. The last letter of ""Abigail"" is ""l"".
4. The last letter of ""Manuela"" is ""a"".

Now, we concatenate these letters together: ""o"" + ""y"" + ""l"" + ""a"" = ""oyla"".

Therefore, the concatenated result is ""oyla"".
ANSWER_AS_TEXT: oyla",True,,MAJOR_ANSWER,,,
147,,"Take the last letters of each words in ""Ángel Carlton Sameer Martinez"" and concatenate them.",lnrz,"COT: To solve this problem, we need to take the last letter of each word in the name ""Ángel Carlton Sameer Martinez"" and then concatenate them together.

1. The last letter of ""Ángel"" is ""l"".
2. The last letter of ""Carlton"" is ""n"".
3. The last letter of ""Sameer"" is ""r"".
4. The last letter of ""Martinez"" is ""z"".

Now, we concatenate these letters together: ""l"" + ""n"" + ""r"" + ""z"" = ""lnrz"".

Therefore, the final result is ""lnrz"".
ANSWER_AS_TEXT: lnrz",True,,MAJOR_ANSWER,,,
148,,"Take the last letters of each words in ""Sterling Jenifer Patsy Denise"" and concatenate them.",grye,"COT: To solve the problem, we need to take the last letter of each word in the phrase ""Sterling Jenifer Patsy Denise"" and then concatenate them together.

1. The last letter of ""Sterling"" is ""g"".
2. The last letter of ""Jenifer"" is ""r"".
3. The last letter of ""Patsy"" is ""y"".
4. The last letter of ""Denise"" is ""e"".

Now, concatenate these letters together: ""g"" + ""r"" + ""y"" + ""e"" = ""grye"".

Therefore, the concatenated result is ""grye"".
ANSWER_AS_TEXT: grye",True,,MAJOR_ANSWER,,,
149,,"Take the last letters of each words in ""Ashish Tracey Varun Emil"" and concatenate them.",hynl,"COT: To solve the problem, we need to take the last letter of each word in the phrase ""Ashish Tracey Varun Emil"" and then concatenate them together.

1. The last letter of ""Ashish"" is ""h"".
2. The last letter of ""Tracey"" is ""y"".
3. The last letter of ""Varun"" is ""n"".
4. The last letter of ""Emil"" is ""l"".

Now, we concatenate these letters together: ""hynl"".

Therefore, the final result is ""hynl"".
ANSWER_AS_TEXT: hynl",True,,MAJOR_ANSWER,,,
150,,"Take the last letters of each words in ""Isaac Reyes Carly Tania"" and concatenate them.",csya,"COT: To solve this problem, we need to take the last letter of each word in the phrase ""Isaac Reyes Carly Tania"" and then concatenate them together.

1. The last letter of ""Isaac"" is ""c"".
2. The last letter of ""Reyes"" is ""s"".
3. The last letter of ""Carly"" is ""y"".
4. The last letter of ""Tania"" is ""a"".

Now, we concatenate these letters together: ""c"" + ""s"" + ""y"" + ""a"" = ""csya"".

Therefore, the concatenated result is ""csya"".
ANSWER_AS_TEXT: csya",True,,MAJOR_ANSWER,,,
